tr_build_id,refactoring_name
13903651,"Move Class"
13903651,"Extract Superclass"
13903651,"Extract Superclass"
13903651,"Extract Method"
13903651,"Pull Up Method"
13903651,"Pull Up Method"
13903651,"Pull Up Method"
13903651,"Pull Up Method"
13903651,"Pull Up Method"
13903651,"Pull Up Method"
13903651,"Pull Up Method"
13903651,"Pull Up Method"
13903651,"Pull Up Method"
13903651,"Pull Up Method"
13903651,"Pull Up Method"
13903651,"Pull Up Method"
13903651,"Pull Up Method"
13903651,"Pull Up Method"
13903651,"Pull Up Method"
13903651,"Pull Up Method"
13903651,"Pull Up Attribute"
13903651,"Pull Up Attribute"
13903651,"Pull Up Attribute"
13903651,"Pull Up Attribute"
13903651,"Pull Up Attribute"
13903651,"Pull Up Attribute"
13903651,"Pull Up Attribute"
13903651,"Pull Up Attribute"
13903651,"Pull Up Method"
13903651,"Pull Up Method"
13903651,"Pull Up Attribute"
13903651,"Pull Up Attribute"
13903651,"Pull Up Attribute"
13903651,"Pull Up Attribute"
13903651,"Pull Up Attribute"
13903651,"Pull Up Attribute"
15162313,"Move Source Folder"
15162313,"Move Source Folder"
16739207,"Move Source Folder"
16817918,"Move Source Folder"
17008989,"Move Source Folder"
17133601,"Move Attribute"
17133601,"Move Method"
17133601,"Move Method"
17182741,"Move Source Folder"
17395661,"Rename Method"
17395661,"Rename Method"
17395661,"Rename Method"
17395661,"Rename Method"
17395661,"Rename Method"
17395661,"Rename Method"
17395661,"Rename Method"
17395661,"Move Method"
17395661,"Move Method"
17773739,"Move Class"
17773739,"Move Class"
17773739,"Move Class"
17773739,"Move Class"
17906046,"Move Class"
17906046,"Move Class"
17906046,"Move Class"
17906046,"Move Class"
21697547,"Extract Method"
25594446,"Extract Method"
25876749,"Extract Superclass"
25876749,"Extract Method"
25876749,"Pull Up Method"
25876749,"Pull Up Method"
25876749,"Pull Up Method"
25876749,"Pull Up Attribute"
28050206,"Extract Method"
28050206,"Extract Method"
28050206,"Extract Method"
29521831,"Extract Method"
29686137,"Extract Superclass"
44066224,"Extract Superclass"
44066224,"Extract Method"
52162945,"Move Source Folder"
52163448,"Pull Up Attribute"
52163448,"Pull Up Attribute"
52163448,"Pull Up Attribute"
52163448,"Pull Up Method"
52163448,"Extract And Move Method"
18670086,"Rename Method"
19393891,"Extract Method"
22962633,"Pull Up Attribute"
22962633,"Pull Up Attribute"
22962633,"Pull Up Attribute"
22962633,"Pull Up Attribute"
22962633,"Pull Up Attribute"
22962633,"Pull Up Attribute"
22962633,"Pull Up Attribute"
22962633,"Pull Up Attribute"
22962633,"Pull Up Attribute"
22962633,"Pull Up Attribute"
22962633,"Pull Up Attribute"
22962633,"Pull Up Attribute"
22962633,"Pull Up Attribute"
22962633,"Pull Up Attribute"
22962633,"Pull Up Attribute"
22962633,"Rename Method"
22962633,"Rename Method"
22962633,"Rename Method"
22962633,"Rename Method"
22962633,"Rename Method"
22962633,"Rename Method"
22962633,"Rename Method"
22962633,"Rename Method"
22962633,"Rename Method"
22962633,"Rename Method"
22962633,"Rename Method"
22962633,"Rename Method"
22962633,"Rename Method"
22962633,"Rename Method"
22962633,"Rename Method"
22962633,"Rename Method"
22962633,"Rename Method"
22962633,"Rename Method"
22962633,"Rename Method"
22962633,"Rename Method"
22962633,"Rename Method"
22962633,"Rename Method"
22962633,"Rename Method"
22962633,"Rename Method"
22962633,"Pull Up Method"
22962633,"Pull Up Method"
22962633,"Pull Up Method"
22962633,"Pull Up Method"
22962633,"Pull Up Method"
23110845,"Extract Method"
26944464,"Rename Method"
26944464,"Rename Method"
31618007,"Rename Method"
31618007,"Rename Method"
31618007,"Inline Method"
32240688,"Rename Method"
32240688,"Rename Method"
33276944,"Move Method"
33276944,"Move Method"
33276944,"Move Method"
46213835,"Extract Superclass"
46213835,"Pull Up Method"
46213835,"Pull Up Method"
46213835,"Pull Up Attribute"
46213835,"Pull Up Attribute"
59419212,"Extract Method"
60279340,"Pull Up Attribute"
60279340,"Move Attribute"
60279340,"Pull Up Attribute"
60279340,"Move Attribute"
60279340,"Pull Up Attribute"
60279340,"Move Attribute"
60279340,"Extract Method"
64944308,"Extract Method"
64944308,"Extract Method"
64944308,"Extract Method"
64944308,"Extract Method"
64944308,"Extract Method"
64944308,"Extract Method"
64944308,"Extract Method"
64944308,"Extract Method"
65368521,"Extract Method"
65572440,"Rename Method"
72447239,"Move Class"
72447239,"Move Class"
72447239,"Move Class"
72447239,"Move Class"
72447239,"Move Class"
72447239,"Move Method"
72447239,"Move Method"
72447239,"Move Method"
72447239,"Move Method"
72447239,"Move Method"
72447239,"Move Method"
72447239,"Move Method"
72835042,"Extract Method"
72835042,"Extract Method"
72835042,"Extract Method"
72835042,"Extract Method"
72835042,"Extract Method"
72835042,"Extract Method"
72835042,"Extract Method"
72835042,"Extract Method"
72835042,"Extract Method"
73860753,"Extract Method"
73860753,"Extract Method"
74947860,"Extract Interface"
74947860,"Extract Interface"
75060302,"Extract And Move Method"
75060302,"Extract And Move Method"
75060302,"Extract And Move Method"
75060302,"Extract And Move Method"
75060302,"Extract And Move Method"
75060302,"Extract And Move Method"
75060302,"Extract And Move Method"
75060302,"Extract And Move Method"
75060302,"Extract And Move Method"
75060302,"Extract And Move Method"
75060302,"Extract And Move Method"
75060302,"Extract And Move Method"
75060302,"Extract And Move Method"
75060302,"Extract And Move Method"
75060302,"Extract And Move Method"
75060302,"Extract And Move Method"
75060302,"Extract And Move Method"
75060302,"Extract And Move Method"
75060302,"Extract And Move Method"
75060302,"Extract And Move Method"
75248305,"Rename Method"
75248305,"Rename Method"
75248305,"Rename Method"
75248305,"Rename Method"
79299361,"Extract Method"
79808154,"Extract Method"
79876458,"Rename Method"
79984755,"Extract Method"
79984755,"Extract Method"
80589047,"Extract Method"
80695263,"Move Class"
82399542,"Extract Method"
83465040,"Extract Method"
83465040,"Extract Method"
83465040,"Extract Method"
83465040,"Extract Method"
83465040,"Extract Method"
83465040,"Extract Method"
83891191,"Rename Method"
83891191,"Rename Method"
83891191,"Rename Method"
83891191,"Rename Method"
86256263,"Extract Interface"
86256263,"Extract Interface"
86256263,"Extract Interface"
86256263,"Extract Interface"
86256263,"Extract Interface"
86256263,"Extract Interface"
86256263,"Extract Interface"
86256263,"Extract Interface"
86256263,"Extract Interface"
86256263,"Extract Interface"
86256263,"Extract Interface"
86256263,"Extract Interface"
86256263,"Extract Interface"
86256263,"Extract Interface"
86256263,"Extract Interface"
86256263,"Extract Interface"
86256263,"Extract Interface"
86256263,"Extract Interface"
86256263,"Extract Interface"
86256263,"Extract Interface"
86256263,"Extract Interface"
86256263,"Extract Interface"
86256263,"Extract Interface"
86256263,"Extract Interface"
86256263,"Extract Interface"
86256263,"Extract Interface"
86256263,"Extract Interface"
86256263,"Extract Interface"
86256263,"Extract Interface"
86256263,"Extract Interface"
86256263,"Extract Interface"
86256263,"Extract Interface"
86256263,"Extract Interface"
86256263,"Extract Interface"
86256263,"Extract Interface"
86256263,"Extract Interface"
86256263,"Extract Interface"
86256263,"Extract Interface"
86256263,"Extract Interface"
86256263,"Extract Interface"
86256263,"Extract Interface"
86256263,"Extract Interface"
86256263,"Extract Interface"
86256263,"Extract Interface"
94840518,"Move Attribute"
94840518,"Move Attribute"
94840518,"Move Attribute"
94840518,"Move Attribute"
94840518,"Move Attribute"
94840518,"Move Attribute"
95569537,"Extract Method"
95569537,"Extract Method"
95615917,"Extract Method"
96030406,"Rename Method"
96030406,"Extract Method"
96039459,"Extract Method"
96039459,"Extract Method"
97462362,"Extract Method"
97950944,"Extract Method"
97950944,"Extract Method"
97950944,"Extract Method"
97950944,"Extract Method"
97950944,"Extract Method"
97950944,"Extract Method"
97950944,"Extract Method"
97950944,"Extract Method"
97950944,"Extract Method"
97950944,"Extract Method"
97950944,"Extract Method"
97950944,"Extract Method"
97950944,"Extract Method"
97950944,"Extract Method"
97950944,"Extract Method"
98066874,"Extract Method"
103888058,"Extract Method"
103888058,"Extract Method"
103891610,"Extract Method"
115302727,"Extract Method"
147198079,"Move Source Folder"
147219006,"Extract Method"
20407426,"Move Source Folder"
20407426,"Move Source Folder"
20407426,"Move Source Folder"
40727027,"Move Class"
40727027,"Move Class"
40727027,"Move Class"
40727027,"Move Class"
40727027,"Move Class"
40727027,"Move Class"
42817184,"Move Class"
42997389,"Move Source Folder"
51675392,"Rename Method"
52330405,"Extract Method"
2883057,"Extract And Move Method"
5831392,"Rename Class"
5831392,"Rename Method"
7146197,"Extract Method"
7146197,"Move Method"
7146197,"Move Method"
7146197,"Move Method"
12683367,"Extract Method"
12712867,"Move Method"
12825278,"Extract Superclass"
12825278,"Extract Superclass"
12825278,"Extract Superclass"
12825278,"Extract Method"
12825278,"Extract Method"
12825278,"Extract Method"
12825278,"Rename Method"
12825278,"Rename Method"
12825278,"Rename Method"
12825278,"Rename Method"
12825278,"Pull Up Method"
12825278,"Pull Up Method"
12825278,"Pull Up Method"
12825278,"Pull Up Method"
20058459,"Push Down Attribute"
20058459,"Push Down Attribute"
20058459,"Push Down Attribute"
20058459,"Extract Method"
20277553,"Push Down Attribute"
20277553,"Push Down Attribute"
20277553,"Push Down Attribute"
20277553,"Extract Method"
20785090,"Move Class"
20785090,"Move Class"
21177808,"Move Attribute"
21177808,"Move Attribute"
21177808,"Extract And Move Method"
21749309,"Extract Method"
21749507,"Move Class"
21749507,"Move Class"
21749507,"Move Class"
21749507,"Move Class"
21749507,"Move Class"
21749507,"Move Class"
21749507,"Move Class"
21749507,"Move Class"
21749507,"Move Class"
21749507,"Move Class"
21749507,"Move Class"
30273689,"Rename Method"
31715331,"Rename Method"
31715331,"Rename Method"
31715331,"Rename Method"
31715331,"Rename Method"
31715331,"Rename Method"
31715331,"Rename Method"
31715331,"Rename Method"
31715331,"Rename Method"
31715331,"Rename Method"
31715331,"Rename Method"
31715331,"Rename Method"
31715331,"Rename Method"
33166271,"Rename Class"
33166271,"Rename Method"
36238596,"Move Class"
37838201,"Move Class"
41007897,"Move Class"
41007897,"Rename Class"
41007897,"Extract Interface"
44072759,"Rename Method"
44072817,"Extract Superclass"
44072817,"Pull Up Method"
44072817,"Pull Up Method"
44072817,"Pull Up Method"
44072817,"Pull Up Method"
44340094,"Rename Method"
44344484,"Move Class"
44344484,"Move Class"
44344484,"Extract Method"
44344484,"Extract And Move Method"
44344484,"Move Method"
44344484,"Move Method"
45448970,"Move Class"
45684184,"Move Attribute"
45684184,"Extract Method"
46303739,"Rename Method"
88343186,"Rename Class"
88343186,"Move Attribute"
88343186,"Move Attribute"
88343186,"Move Attribute"
88343186,"Move Attribute"
88343186,"Move Attribute"
88343186,"Move Attribute"
88343186,"Move Attribute"
88343186,"Move Attribute"
88343186,"Push Down Attribute"
88343186,"Move Attribute"
88343186,"Move Attribute"
88343186,"Move Attribute"
88343186,"Move Attribute"
88343186,"Move Attribute"
88343186,"Rename Method"
88343186,"Rename Method"
88343186,"Rename Method"
88343186,"Move Method"
88343186,"Move Method"
88343186,"Move Method"
88343186,"Move Method"
88343186,"Move Method"
88343186,"Move Method"
88343186,"Move Method"
88343186,"Move Method"
88343186,"Move Method"
88343186,"Move Method"
88343186,"Move Method"
88343186,"Move Method"
4289646,"Extract Method"
4289646,"Rename Method"
4289646,"Move Method"
4316078,"Move Class"
4316078,"Move Class"
4316078,"Move Attribute"
4316078,"Extract And Move Method"
4316401,"Move Class"
4316401,"Move Class"
4316401,"Move Attribute"
4316401,"Extract And Move Method"
4505156,"Rename Method"
4505156,"Extract And Move Method"
4505177,"Rename Method"
4505177,"Extract And Move Method"
4535196,"Extract Method"
4535438,"Extract Method"
4871461,"Extract Method"
4871461,"Move Method"
4871461,"Move Method"
4896087,"Extract Method"
4896087,"Move Method"
4896087,"Move Method"
5800045,"Move Source Folder"
5801182,"Move Source Folder"
5847358,"Move Class"
5849111,"Move Class"
5928368,"Rename Method"
5928403,"Rename Method"
6196105,"Extract Method"
6196365,"Extract Method"
6232460,"Move Attribute"
6232460,"Move Attribute"
6232460,"Move Attribute"
6232460,"Move Attribute"
6232460,"Rename Method"
6232460,"Move Method"
6232460,"Move Method"
6232460,"Move Method"
6232484,"Move Attribute"
6232484,"Move Attribute"
6232484,"Move Attribute"
6232484,"Move Attribute"
6232484,"Rename Method"
6232484,"Move Method"
6232484,"Move Method"
6232484,"Move Method"
6404169,"Rename Method"
6405388,"Rename Method"
6525788,"Extract Superclass"
6525788,"Extract Superclass"
6527147,"Extract Superclass"
6527147,"Extract Superclass"
6687074,"Rename Class"
6687074,"Extract Method"
6687074,"Extract Method"
6696158,"Rename Class"
6696158,"Extract Method"
6696158,"Extract Method"
6914150,"Rename Method"
6914257,"Rename Method"
6927919,"Rename Method"
6928013,"Rename Method"
6928013,"Rename Method"
7486201,"Rename Class"
7486222,"Rename Class"
8755373,"Extract Method"
8866401,"Move Class"
8866401,"Move Class"
8866401,"Move Attribute"
8866401,"Move Attribute"
8866401,"Move Attribute"
8866401,"Rename Method"
8873906,"Move Class"
8873906,"Move Class"
8873906,"Move Attribute"
8873906,"Move Attribute"
8873906,"Move Attribute"
8873906,"Rename Method"
8961987,"Extract And Move Method"
8964830,"Extract And Move Method"
17254118,"Move Method"
17254118,"Move Method"
17254118,"Move Method"
17254118,"Move Method"
17254118,"Move Method"
17255121,"Move Method"
17255121,"Move Method"
17255121,"Move Method"
17255121,"Move Method"
17255121,"Move Method"
18681485,"Extract Method"
18681485,"Extract Method"
18681485,"Rename Method"
18681485,"Extract Method"
18764501,"Move Method"
18945156,"Move Class"
18945156,"Move Class"
18945156,"Move Attribute"
18945156,"Move Attribute"
18945156,"Move Attribute"
18945156,"Move Attribute"
18945156,"Move Attribute"
18945156,"Move Attribute"
18945156,"Move Attribute"
18945156,"Move Attribute"
18945156,"Move Attribute"
20007120,"Rename Method"
20007120,"Rename Method"
20007120,"Inline Method"
23241918,"Extract Method"
23241918,"Extract Method"
23241918,"Extract Method"
23728168,"Rename Class"
23728168,"Rename Class"
23872704,"Extract Method"
23872704,"Rename Method"
23872704,"Rename Method"
23872704,"Rename Method"
23872704,"Rename Method"
23872704,"Rename Method"
23982249,"Rename Method"
23982249,"Rename Method"
23982249,"Move Method"
23982848,"Rename Method"
23982848,"Rename Method"
23982848,"Move Method"
23985725,"Rename Class"
23985725,"Rename Class"
23985725,"Rename Class"
23985725,"Rename Class"
23985725,"Rename Class"
23986610,"Rename Class"
23986610,"Rename Class"
23986610,"Rename Class"
23986610,"Rename Class"
23986610,"Rename Class"
24363088,"Rename Method"
24363088,"Rename Method"
24363088,"Extract Method"
24369390,"Move Class"
24385338,"Move Class"
24401952,"Rename Class"
24401952,"Rename Class"
24401952,"Rename Class"
24401952,"Rename Class"
24401952,"Rename Method"
24425143,"Rename Class"
24425143,"Rename Class"
24425143,"Rename Class"
24425143,"Rename Class"
24425143,"Rename Class"
24425143,"Rename Class"
24425143,"Rename Method"
24867641,"Rename Class"
24867641,"Rename Class"
24868423,"Move Class"
24910005,"Rename Class"
25424907,"Move Method"
25424907,"Move Method"
25424907,"Move Method"
25424925,"Move Method"
25424925,"Move Method"
25424925,"Move Method"
25429345,"Move Class"
25429345,"Move Source Folder"
25523307,"Move Attribute"
25523307,"Move Attribute"
25523307,"Move Attribute"
26358237,"Extract Method"
26358237,"Extract Method"
26427172,"Rename Method"
26427172,"Rename Method"
26536706,"Move Class"
26536706,"Move Class"
26551980,"Move Class"
26551980,"Move Class"
27190234,"Move Class"
27190234,"Rename Class"
28141073,"Rename Class"
28141073,"Rename Class"
28141073,"Rename Class"
28141073,"Rename Class"
28141073,"Rename Class"
28664965,"Rename Method"
28664965,"Extract Method"
28664965,"Extract Method"
28664965,"Extract Method"
28664965,"Extract Method"
28664965,"Extract Method"
28664965,"Extract Method"
28664965,"Extract Method"
28664965,"Rename Method"
28664965,"Extract Method"
28664965,"Move Method"
28664965,"Extract And Move Method"
28691254,"Rename Method"
28691254,"Extract Method"
28691254,"Extract Method"
28691254,"Extract Method"
28691254,"Extract Method"
28691254,"Extract Method"
28691254,"Extract Method"
28691254,"Extract Method"
28691254,"Rename Method"
28691254,"Extract Method"
28691254,"Move Method"
28691254,"Extract And Move Method"
30785043,"Rename Class"
30785043,"Extract And Move Method"
33026705,"Inline Method"
36468216,"Rename Method"
36468475,"Rename Method"
37657173,"Rename Class"
37657173,"Rename Method"
37659588,"Rename Class"
37659588,"Rename Method"
37790264,"Rename Method"
37853880,"Rename Class"
37853880,"Rename Method"
37853880,"Rename Method"
37853880,"Rename Method"
37853880,"Rename Method"
37955555,"Rename Class"
37962827,"Rename Class"
39160259,"Move Class"
39160259,"Move Source Folder"
39160259,"Move Method"
39160259,"Move Method"
39160259,"Move Method"
39160259,"Move Method"
39160259,"Move Method"
39160259,"Move Method"
39160259,"Move Method"
39160259,"Move Method"
39160259,"Move Method"
39160259,"Move Method"
39160259,"Move Method"
39181174,"Move Class"
39181174,"Move Source Folder"
39181174,"Move Method"
39181174,"Move Method"
39181174,"Move Method"
39181174,"Move Method"
39181174,"Move Method"
39181174,"Move Method"
39181174,"Move Method"
39181174,"Move Method"
39181174,"Move Method"
39181174,"Move Method"
39181174,"Move Method"
39691079,"Rename Method"
39691079,"Rename Method"
39691079,"Rename Method"
39691386,"Rename Method"
39691386,"Rename Method"
39691386,"Rename Method"
39952320,"Extract Method"
39968496,"Extract Method"
40027270,"Rename Class"
40027270,"Rename Method"
40027270,"Rename Method"
40027270,"Rename Method"
40027270,"Rename Method"
40027270,"Rename Method"
40027270,"Rename Method"
40027270,"Rename Method"
40614346,"Rename Method"
40614719,"Rename Method"
41934188,"Rename Class"
41934188,"Rename Class"
41934188,"Rename Class"
41934188,"Rename Class"
41982782,"Rename Class"
41982782,"Rename Class"
41982782,"Rename Class"
41982782,"Rename Class"
43376364,"Move Attribute"
43376549,"Move Attribute"
44472309,"Rename Method"
44731040,"Rename Method"
44731040,"Rename Method"
44731040,"Rename Method"
44731040,"Rename Method"
44731040,"Rename Method"
44731040,"Rename Method"
44731040,"Rename Method"
44731040,"Rename Method"
44731040,"Rename Method"
44731040,"Rename Method"
44731040,"Rename Method"
44731040,"Rename Method"
44731040,"Rename Method"
44731040,"Rename Method"
44731040,"Rename Method"
44731040,"Rename Method"
44731040,"Rename Method"
44746319,"Rename Method"
44746319,"Rename Method"
44746319,"Rename Method"
44746319,"Rename Method"
44746319,"Rename Method"
44746319,"Rename Method"
44746319,"Rename Method"
44746319,"Rename Method"
44746319,"Rename Method"
44746319,"Rename Method"
44746319,"Rename Method"
44746319,"Rename Method"
44746319,"Rename Method"
44746319,"Rename Method"
44746319,"Rename Method"
44746319,"Rename Method"
44746319,"Rename Method"
44782373,"Rename Method"
44782373,"Rename Method"
44782975,"Rename Method"
44782975,"Rename Method"
44829109,"Rename Method"
44829109,"Rename Method"
44829109,"Inline Method"
44829109,"Rename Method"
44829109,"Rename Method"
44855684,"Rename Method"
44855684,"Rename Method"
44855684,"Extract Method"
44855693,"Rename Method"
44855693,"Rename Method"
44855693,"Extract Method"
44888644,"Move Attribute"
44888644,"Move Attribute"
44888644,"Move Attribute"
44892402,"Pull Up Method"
44892402,"Pull Up Method"
44892402,"Pull Up Method"
44903360,"Pull Up Method"
44903360,"Pull Up Method"
44903360,"Pull Up Method"
44903367,"Move Attribute"
44903367,"Move Attribute"
44903367,"Move Attribute"
44979270,"Extract Method"
45052876,"Move Method"
45052941,"Move Method"
45058505,"Extract Method"
45058505,"Extract Method"
45058624,"Extract Method"
45058624,"Extract Method"
45130627,"Rename Method"
45719025,"Rename Method"
53342775,"Extract Method"
55976386,"Extract Method"
55976386,"Rename Method"
58403839,"Move Class"
58403839,"Rename Class"
58403839,"Rename Class"
59210501,"Rename Class"
59210501,"Rename Class"
59210501,"Rename Method"
59210501,"Rename Method"
59416710,"Rename Method"
59416710,"Rename Method"
59416710,"Rename Method"
60354324,"Rename Method"
61581275,"Rename Class"
61581275,"Extract Interface"
61581275,"Move Attribute"
61581275,"Move Attribute"
61581275,"Move Attribute"
61581275,"Move Attribute"
61581275,"Move Attribute"
61581275,"Move Attribute"
61581275,"Move Attribute"
61581275,"Move Attribute"
61581275,"Rename Method"
61581275,"Rename Method"
61581275,"Rename Method"
61581275,"Rename Method"
61581275,"Move Method"
62701087,"Extract Method"
62701087,"Extract Method"
62701087,"Extract Method"
62701087,"Extract Method"
62701087,"Extract Method"
62701087,"Extract Method"
62701087,"Extract Method"
62701087,"Extract Method"
63171208,"Move Attribute"
63171208,"Move Attribute"
63171208,"Move Attribute"
63171208,"Extract Method"
63171208,"Extract Method"
63171208,"Extract Method"
64080491,"Move Class"
64080491,"Move Class"
64080491,"Move Class"
64080491,"Move Class"
64080491,"Move Class"
64080491,"Move Class"
64080491,"Move Class"
64080491,"Move Class"
64080491,"Move Class"
64080491,"Move Class"
64080491,"Move Class"
67321347,"Rename Class"
67321347,"Rename Class"
68130721,"Move Attribute"
68130721,"Inline Method"
68130721,"Inline Method"
68130721,"Rename Method"
68130721,"Move Method"
68130721,"Move Method"
68130721,"Move Method"
68130721,"Move Method"
68130721,"Move Method"
68130721,"Move Method"
68130721,"Move Method"
68144379,"Extract Method"
68285526,"Extract Method"
68285526,"Rename Method"
69106022,"Rename Method"
71225532,"Rename Method"
71225532,"Rename Method"
71225532,"Rename Method"
71422623,"Rename Method"
71422623,"Rename Method"
71422623,"Rename Method"
71896053,"Move Attribute"
71896053,"Move Attribute"
71896053,"Move Attribute"
71896053,"Move Attribute"
71896053,"Move Attribute"
71896053,"Move Attribute"
71896053,"Move Attribute"
71896053,"Move Attribute"
71896053,"Move Attribute"
71896053,"Move Attribute"
71896053,"Move Attribute"
71896053,"Move Attribute"
71896053,"Move Attribute"
71896053,"Move Attribute"
71896053,"Move Attribute"
71896053,"Move Attribute"
71896053,"Move Attribute"
71896053,"Move Attribute"
71896053,"Move Attribute"
71896053,"Move Attribute"
71896053,"Move Attribute"
71896053,"Move Attribute"
71896053,"Move Attribute"
71896053,"Move Attribute"
71896053,"Move Attribute"
71896053,"Move Attribute"
71896053,"Move Attribute"
71896053,"Move Attribute"
71896053,"Move Attribute"
71896053,"Move Attribute"
71896053,"Move Attribute"
71896053,"Inline Method"
71896053,"Rename Method"
71896053,"Rename Method"
71896053,"Rename Method"
71896053,"Rename Method"
71896053,"Rename Method"
71896053,"Rename Method"
71896053,"Rename Method"
71896053,"Move Method"
71896053,"Move Method"
71896053,"Move Method"
71971028,"Rename Method"
71971028,"Rename Method"
71971028,"Rename Method"
71971028,"Inline Method"
73357009,"Extract Method"
73357009,"Extract Method"
73358562,"Rename Class"
73358562,"Rename Class"
73358562,"Rename Class"
73358562,"Rename Class"
73358562,"Rename Class"
73358562,"Move Attribute"
73358562,"Move Method"
73358562,"Move Method"
73358562,"Move Method"
73520788,"Move Attribute"
73520788,"Move Attribute"
73520788,"Extract Superclass"
73520788,"Extract Superclass"
73520788,"Move Attribute"
73520788,"Move Attribute"
73520788,"Move Attribute"
73520788,"Move Attribute"
73520788,"Rename Method"
73520788,"Rename Method"
73520788,"Rename Method"
73520788,"Rename Method"
73520788,"Rename Method"
73520788,"Rename Method"
73520788,"Rename Method"
73520788,"Rename Method"
73520788,"Rename Method"
73520788,"Rename Method"
73520788,"Rename Method"
73520788,"Rename Method"
73520788,"Rename Method"
73520788,"Rename Method"
73520788,"Rename Method"
73520788,"Rename Method"
73520788,"Rename Method"
73520788,"Rename Method"
73520788,"Rename Method"
73520788,"Rename Method"
73520788,"Rename Method"
73520788,"Rename Method"
73520788,"Rename Method"
73520788,"Rename Method"
73520788,"Rename Method"
73520788,"Rename Method"
73520788,"Rename Method"
73520788,"Rename Method"
73520788,"Rename Method"
73520788,"Rename Method"
73520788,"Rename Method"
73520788,"Rename Method"
73520788,"Rename Method"
73520788,"Rename Method"
73520788,"Rename Method"
73520788,"Rename Method"
73520788,"Rename Method"
73520788,"Rename Method"
73520788,"Rename Method"
73520788,"Rename Method"
73520788,"Rename Method"
73520788,"Rename Method"
73520788,"Rename Method"
73520788,"Rename Method"
73520788,"Rename Method"
73520788,"Rename Method"
73520788,"Rename Method"
73520788,"Rename Method"
73520788,"Rename Method"
73520788,"Rename Method"
73520788,"Rename Method"
73520788,"Rename Method"
73520788,"Rename Method"
73520788,"Rename Method"
73520788,"Rename Method"
73520788,"Rename Method"
73520788,"Rename Method"
73520788,"Rename Method"
73520788,"Rename Method"
73520788,"Rename Method"
73520788,"Rename Method"
73520788,"Rename Method"
73520788,"Rename Method"
73520788,"Rename Method"
73520788,"Rename Method"
73520788,"Rename Method"
73520788,"Rename Method"
73520788,"Rename Method"
73520788,"Rename Method"
73520788,"Rename Method"
73520788,"Rename Method"
73520788,"Rename Method"
73520788,"Rename Method"
73520788,"Rename Method"
73520788,"Rename Method"
73520788,"Rename Method"
73520788,"Rename Method"
73520788,"Rename Method"
73520788,"Move Method"
73520788,"Move Method"
73852313,"Extract Method"
74219712,"Extract Method"
74219712,"Extract Method"
74362760,"Rename Method"
74362760,"Extract Method"
75281834,"Extract Method"
75281834,"Extract Method"
75281834,"Extract Method"
75281834,"Extract Method"
77273608,"Extract Method"
77273608,"Extract Method"
77273608,"Extract Method"
77273608,"Extract Method"
77273608,"Extract Method"
79135950,"Extract Method"
79677696,"Inline Method"
80410247,"Rename Method"
80797972,"Extract Method"
80797972,"Rename Method"
80797972,"Rename Method"
82685972,"Rename Class"
83084579,"Rename Method"
83098025,"Rename Method"
83098025,"Inline Method"
83098025,"Extract Method"
83098025,"Extract Method"
83681612,"Move Class"
83681612,"Move Class"
83681612,"Move Class"
88092405,"Extract Method"
88092405,"Extract Method"
89468071,"Rename Method"
89468071,"Rename Method"
89468071,"Rename Method"
89468071,"Extract Method"
90122958,"Rename Method"
90122958,"Rename Method"
91634930,"Rename Method"
91639324,"Move Method"
91639324,"Move Method"
94185999,"Extract Superclass"
94185999,"Extract Superclass"
94185999,"Pull Up Attribute"
94185999,"Pull Up Attribute"
98116257,"Rename Class"
98116257,"Rename Class"
98116257,"Extract Method"
101851168,"Rename Class"
106520521,"Extract Method"
106520521,"Extract Method"
106520521,"Extract Method"
106520521,"Extract Method"
106520521,"Extract Method"
106520521,"Extract Method"
106520521,"Extract Method"
106520521,"Extract Method"
106520521,"Rename Method"
106641249,"Extract Method"
106641249,"Extract Method"
106641249,"Extract Method"
106641249,"Extract Method"
106641249,"Extract Method"
106641249,"Extract Method"
106641249,"Extract Method"
106641249,"Extract Method"
106641249,"Rename Method"
107175646,"Move Method"
110337226,"Extract Method"
110912391,"Extract Method"
110912391,"Move Method"
110912391,"Move Method"
110912391,"Move Method"
110912391,"Move Method"
114231551,"Extract Method"
114231551,"Extract Method"
114231551,"Rename Method"
114231551,"Rename Method"
114231551,"Rename Method"
114231551,"Extract Method"
114231551,"Extract Method"
114231551,"Extract Method"
115070236,"Extract Method"
115070236,"Extract Method"
115070236,"Extract Method"
115070236,"Extract Method"
116370026,"Extract Method"
116370026,"Rename Method"
116370026,"Rename Method"
116370026,"Extract Method"
116844046,"Move Class"
116844046,"Rename Package"
116844046,"Move Class"
116844046,"Move Source Folder"
116844046,"Rename Class"
116844046,"Rename Class"
116844046,"Rename Class"
116844046,"Rename Class"
116844046,"Rename Class"
116844046,"Rename Class"
117666369,"Move Class"
117666369,"Move Class"
117666369,"Move Class"
117666369,"Move Class"
117666369,"Move Class"
117666369,"Move Source Folder"
117666369,"Rename Class"
117666369,"Rename Class"
117666369,"Rename Class"
117704988,"Rename Method"
118062586,"Rename Method"
118062586,"Rename Method"
119481108,"Rename Class"
119481108,"Rename Class"
119481108,"Extract And Move Method"
4207032,"Extract Method"
5254027,"Rename Method"
5254027,"Extract Method"
5254027,"Extract And Move Method"
5497712,"Rename Method"
5497712,"Inline Method"
6702387,"Extract Method"
6702387,"Move Method"
6702387,"Move Method"
7021838,"Move Class"
7021838,"Move Class"
7021838,"Move Class"
7021838,"Move Class"
7021838,"Move Class"
7021838,"Move Class"
7021838,"Move Class"
7021838,"Move Class"
7021838,"Move Class"
7021838,"Move Class"
7021838,"Rename Package"
7021838,"Move Attribute"
7021838,"Move Attribute"
7021838,"Move Attribute"
7021838,"Move Attribute"
7021838,"Move Attribute"
7021838,"Move Attribute"
8043459,"Extract Method"
8043459,"Extract Method"
8129792,"Move Attribute"
8129792,"Rename Method"
8129792,"Move Method"
8129792,"Move Method"
8132251,"Extract Method"
8588956,"Rename Method"
8589376,"Extract Method"
10492958,"Rename Method"
10492958,"Rename Method"
10492958,"Rename Method"
12054936,"Rename Method"
12054936,"Extract And Move Method"
13474081,"Rename Method"
13474081,"Rename Method"
13474201,"Move Source Folder"
13474414,"Rename Class"
13902513,"Extract Method"
13911582,"Inline Method"
13911583,"Inline Method"
14138202,"Rename Method"
14189477,"Pull Up Attribute"
14189477,"Pull Up Attribute"
14189477,"Pull Up Attribute"
14189477,"Pull Up Attribute"
14189477,"Pull Up Attribute"
14189477,"Pull Up Attribute"
14189477,"Pull Up Attribute"
14189477,"Pull Up Attribute"
14189477,"Pull Up Attribute"
14189477,"Pull Up Attribute"
14189477,"Pull Up Attribute"
14189477,"Pull Up Attribute"
14210464,"Extract Method"
15336564,"Rename Method"
21945916,"Move Attribute"
21945916,"Move Attribute"
21945916,"Move Attribute"
21945916,"Move Attribute"
21945916,"Move Attribute"
21945916,"Move Attribute"
7142551,"Extract Method"
7142551,"Extract Method"
8299059,"Move Class"
8299059,"Rename Method"
8299059,"Extract Method"
8299059,"Extract Method"
8299059,"Extract Method"
8299059,"Extract Method"
8299059,"Extract Method"
8299059,"Extract Method"
8299059,"Extract Method"
8299059,"Extract Method"
8299059,"Extract And Move Method"
27732543,"Rename Method"
83815809,"Rename Class"
83815809,"Rename Class"
85031635,"Extract Method"
85219034,"Extract Method"
85219034,"Extract Method"
85219034,"Extract Method"
85219034,"Extract Method"
95233028,"Extract Method"
21276233,"Extract Superclass"
21276233,"Extract Superclass"
21276233,"Pull Up Method"
21276233,"Pull Up Method"
21276233,"Pull Up Attribute"
21276233,"Pull Up Attribute"
21276233,"Pull Up Method"
21276233,"Pull Up Method"
21276233,"Pull Up Method"
21276233,"Pull Up Attribute"
21276233,"Pull Up Attribute"
21547356,"Rename Class"
21547356,"Rename Class"
21547356,"Rename Class"
21547356,"Extract Superclass"
21547356,"Extract Method"
21547356,"Rename Method"
21547356,"Extract Method"
21547356,"Pull Up Method"
21547356,"Pull Up Method"
21547356,"Pull Up Method"
21547356,"Pull Up Method"
21547356,"Pull Up Method"
21547356,"Pull Up Method"
21547356,"Pull Up Method"
21547356,"Pull Up Method"
21547356,"Pull Up Method"
21547356,"Pull Up Method"
21547356,"Pull Up Method"
21547356,"Pull Up Method"
21547356,"Pull Up Method"
21547356,"Pull Up Method"
21547356,"Pull Up Attribute"
21547356,"Pull Up Attribute"
21547356,"Pull Up Attribute"
21547356,"Pull Up Attribute"
21547356,"Pull Up Attribute"
21547356,"Pull Up Attribute"
21547356,"Pull Up Attribute"
21547356,"Pull Up Attribute"
21547356,"Pull Up Attribute"
21547356,"Pull Up Attribute"
26610876,"Rename Class"
26610876,"Rename Method"
26610876,"Rename Method"
26610876,"Rename Method"
26610876,"Extract Method"
28180110,"Move Source Folder"
30036550,"Inline Method"
30156629,"Rename Method"
30156629,"Rename Method"
30640541,"Rename Class"
30640541,"Rename Class"
30640541,"Rename Class"
30640541,"Rename Class"
30640541,"Rename Class"
30640541,"Rename Class"
30640541,"Rename Class"
30999937,"Rename Method"
32602490,"Rename Package"
32602490,"Extract Interface"
32602490,"Extract Interface"
32602490,"Extract Interface"
32602490,"Extract Interface"
32602490,"Extract Interface"
32602490,"Extract Interface"
32602490,"Extract Interface"
32602490,"Extract Interface"
32602490,"Extract Interface"
32716446,"Rename Package"
32716446,"Move Source Folder"
32716446,"Move Source Folder"
32922255,"Move Class"
32922255,"Move Class"
32922255,"Move Class"
32922255,"Move Class"
32922255,"Move Class"
32922255,"Move Class"
32922255,"Rename Package"
32922255,"Move Class"
32922255,"Move Class"
32922255,"Move Class"
32922255,"Rename Class"
32922255,"Rename Class"
32922255,"Move Attribute"
32922255,"Move Attribute"
32922255,"Move Attribute"
32922255,"Move Attribute"
32922255,"Move Attribute"
32922255,"Move Attribute"
34422208,"Move Source Folder"
35947561,"Rename Method"
36061435,"Rename Package"
38742582,"Extract Method"
38742582,"Extract Method"
44299133,"Extract And Move Method"
44299133,"Move Method"
47271117,"Extract Superclass"
47271117,"Extract Superclass"
47271117,"Extract Superclass"
47271117,"Extract Superclass"
47271117,"Extract Superclass"
47271117,"Extract Superclass"
47271117,"Extract Superclass"
47271117,"Extract Superclass"
47271117,"Extract Superclass"
47271117,"Extract Superclass"
47271117,"Extract Superclass"
47271117,"Extract Superclass"
47271117,"Extract Superclass"
47271117,"Extract Superclass"
47271117,"Extract Superclass"
47271117,"Extract Superclass"
47271117,"Extract Superclass"
47271117,"Extract Superclass"
47271117,"Extract Superclass"
47271117,"Extract Superclass"
47271117,"Extract Superclass"
47271117,"Extract Superclass"
47271117,"Extract Superclass"
47271117,"Extract Superclass"
47271117,"Extract Superclass"
47271117,"Extract Superclass"
47271117,"Extract Superclass"
56803046,"Move Method"
