tr_build_id,refactoring_name
11939345,"Rename Method"
11939345,"Extract Method"
12068911,"Extract Method"
12068911,"Extract Method"
12068911,"Extract Method"
12139472,"Move Attribute"
12139472,"Extract Method"
12139472,"Rename Method"
12139472,"Inline Method"
12139472,"Inline Method"
12139472,"Inline Method"
12139472,"Move Method"
12139472,"Move Method"
12139472,"Move Method"
12139472,"Move Method"
12139472,"Move Method"
12139472,"Move Method"
12139626,"Move Attribute"
12139626,"Extract Method"
12139626,"Rename Method"
12139626,"Inline Method"
12139626,"Inline Method"
12139626,"Inline Method"
12139626,"Move Method"
12139626,"Move Method"
12139626,"Move Method"
12139626,"Move Method"
12139626,"Move Method"
12139626,"Move Method"
12526291,"Move Source Folder"
12526291,"Move Source Folder"
12526291,"Move Source Folder"
12715715,"Extract Superclass"
12715715,"Extract Superclass"
12715715,"Extract Superclass"
12715715,"Extract Superclass"
12715715,"Extract Superclass"
12715715,"Extract Superclass"
12715715,"Extract Method"
12715715,"Extract Method"
12715715,"Rename Method"
12715715,"Extract Method"
12715715,"Extract Method"
12715715,"Pull Up Method"
12918795,"Extract Superclass"
12918795,"Extract Superclass"
12918795,"Extract Superclass"
12918795,"Extract Superclass"
12918795,"Extract Superclass"
12918795,"Extract Superclass"
12918795,"Extract Method"
12918795,"Extract Method"
12918795,"Rename Method"
12918795,"Extract Method"
12918795,"Extract Method"
12918795,"Pull Up Method"
13691328,"Move Class"
13691328,"Extract Superclass"
13691328,"Extract Superclass"
13691328,"Pull Up Method"
13691328,"Pull Up Method"
13691328,"Pull Up Method"
13691328,"Pull Up Method"
13691328,"Pull Up Method"
13691328,"Pull Up Method"
13691328,"Pull Up Method"
13691328,"Pull Up Method"
13691328,"Pull Up Method"
13691328,"Pull Up Method"
13691328,"Pull Up Method"
13691328,"Pull Up Method"
13691328,"Pull Up Method"
13691328,"Pull Up Method"
13691328,"Pull Up Attribute"
13691328,"Pull Up Attribute"
13691328,"Pull Up Attribute"
13691328,"Pull Up Attribute"
13691328,"Pull Up Attribute"
13691328,"Pull Up Attribute"
13691328,"Pull Up Attribute"
13691328,"Pull Up Method"
13691328,"Pull Up Method"
13691328,"Pull Up Attribute"
13691328,"Pull Up Attribute"
13691328,"Pull Up Attribute"
13691328,"Pull Up Attribute"
13691328,"Pull Up Attribute"
13691328,"Pull Up Attribute"
14920309,"Move Attribute"
14920309,"Move Attribute"
14920309,"Move Attribute"
14920309,"Move Attribute"
14920309,"Inline Method"
14920309,"Move Method"
14920309,"Move Method"
14920309,"Move Method"
15162332,"Move Source Folder"
15162332,"Move Source Folder"
15483320,"Rename Method"
15580537,"Rename Class"
15580537,"Extract Superclass"
15580537,"Extract Superclass"
15580537,"Pull Up Method"
16556692,"Extract Superclass"
16556692,"Extract Superclass"
16556692,"Pull Up Method"
16556692,"Pull Up Method"
16556692,"Pull Up Method"
16556692,"Pull Up Method"
16556692,"Pull Up Method"
16556692,"Pull Up Method"
16556692,"Pull Up Method"
16556692,"Pull Up Method"
16556692,"Pull Up Method"
16556692,"Pull Up Method"
16556692,"Pull Up Method"
16556692,"Pull Up Method"
16556692,"Pull Up Method"
16556692,"Pull Up Method"
16556692,"Pull Up Attribute"
16556692,"Pull Up Attribute"
16556692,"Pull Up Attribute"
16556692,"Pull Up Attribute"
16556692,"Pull Up Attribute"
16556692,"Pull Up Attribute"
16588352,"Extract Method"
16642156,"Move Source Folder"
16663060,"Move Class"
16707006,"Move Source Folder"
16708313,"Extract Method"
16926917,"Move Source Folder"
16926917,"Move Source Folder"
16985603,"Move Source Folder"
16985603,"Move Source Folder"
16987823,"Move Source Folder"
16990436,"Rename Method"
16990436,"Extract Method"
16990436,"Extract Method"
16990436,"Move Method"
16990436,"Move Method"
17115935,"Rename Method"
17115935,"Extract Method"
17115935,"Extract Method"
17191010,"Rename Method"
17191010,"Rename Method"
17191010,"Rename Method"
17191010,"Rename Method"
17191010,"Rename Method"
17191010,"Rename Method"
17191010,"Rename Method"
17191010,"Move Method"
17191010,"Move Method"
18160715,"Extract Method"
18193251,"Extract Method"
18408353,"Extract Method"
18429447,"Extract Method"
18450519,"Extract Method"
19789002,"Extract Method"
19829170,"Inline Method"
19842336,"Inline Method"
20055469,"Extract Method"
20247182,"Extract Method"
20247182,"Extract Method"
20283248,"Inline Method"
20452985,"Inline Method"
20548883,"Rename Method"
20548883,"Extract Method"
20917016,"Inline Method"
20927215,"Move Class"
21008152,"Extract Method"
21412403,"Inline Method"
21628019,"Extract Method"
22478016,"Extract Method"
22524205,"Move Source Folder"
22543351,"Extract Method"
22930211,"Move Source Folder"
23110037,"Inline Method"
23568570,"Extract Method"
23568570,"Extract Method"
26134487,"Extract Method"
26594176,"Extract Method"
26594176,"Extract Method"
26594176,"Extract Method"
27334490,"Extract Method"
27698123,"Rename Method"
27698123,"Rename Method"
27698123,"Rename Method"
27698123,"Rename Method"
27698123,"Rename Method"
27698123,"Rename Method"
27698123,"Rename Method"
27698123,"Extract Method"
27698123,"Extract And Move Method"
27698123,"Extract And Move Method"
27698123,"Extract And Move Method"
27698123,"Extract And Move Method"
27698123,"Extract And Move Method"
28299260,"Extract Method"
28299260,"Extract Method"
28299260,"Extract Method"
29125662,"Extract Method"
29609862,"Extract Method"
32819069,"Rename Class"
32867013,"Extract Method"
32867013,"Extract Method"
34113668,"Rename Method"
35345036,"Inline Method"
35518674,"Inline Method"
36785127,"Extract Method"
37183049,"Push Down Method"
37183049,"Push Down Method"
37183049,"Push Down Method"
40888743,"Move Class"
41337391,"Rename Class"
41337391,"Move Attribute"
41337391,"Move Attribute"
41337391,"Move Attribute"
41337391,"Move Attribute"
41337391,"Move Attribute"
41337391,"Move Attribute"
41337391,"Move Attribute"
41337391,"Extract Method"
41337391,"Extract And Move Method"
41714057,"Extract Superclass"
41714057,"Move Attribute"
41714057,"Move Attribute"
41714057,"Move Attribute"
41714057,"Extract Method"
41714057,"Rename Method"
41714057,"Extract Method"
41714057,"Pull Up Method"
41714057,"Pull Up Method"
41714057,"Pull Up Method"
41714057,"Pull Up Method"
41714057,"Pull Up Attribute"
41714057,"Pull Up Attribute"
41714057,"Pull Up Attribute"
41714057,"Pull Up Attribute"
42661294,"Rename Class"
42661294,"Rename Class"
42661294,"Extract Method"
42661294,"Rename Method"
42661294,"Rename Method"
42661294,"Rename Method"
42661294,"Rename Method"
42661294,"Extract Method"
42661294,"Extract Method"
42715631,"Rename Class"
42715631,"Rename Class"
42715631,"Extract Method"
42715631,"Rename Method"
42715631,"Rename Method"
42715631,"Rename Method"
42715631,"Rename Method"
42715631,"Extract Method"
42715631,"Extract Method"
44066228,"Extract Superclass"
44066228,"Extract Method"
44076132,"Move Attribute"
44076132,"Move Method"
45037119,"Extract Method"
45171246,"Extract Method"
46522378,"Rename Method"
47091990,"Rename Class"
47091990,"Extract Superclass"
47091990,"Extract Superclass"
47091990,"Extract Method"
47091990,"Pull Up Method"
47097650,"Extract Superclass"
47097650,"Extract Superclass"
47097650,"Pull Up Attribute"
47097650,"Pull Up Attribute"
47097650,"Pull Up Method"
47176313,"Extract Superclass"
47176313,"Extract Superclass"
47176313,"Pull Up Attribute"
47176313,"Pull Up Attribute"
47176313,"Pull Up Method"
52274222,"Pull Up Attribute"
52274222,"Pull Up Attribute"
52274222,"Pull Up Attribute"
52274222,"Pull Up Method"
52274222,"Extract And Move Method"
54681441,"Extract Method"
54929683,"Extract Method"
55097328,"Extract Method"
55227813,"Extract Method"
55938693,"Move Attribute"
55938693,"Move Attribute"
55938693,"Move Method"
55938693,"Move Method"
57168560,"Pull Up Attribute"
57168560,"Pull Up Attribute"
57168560,"Pull Up Attribute"
57168560,"Pull Up Attribute"
57168560,"Pull Up Attribute"
57168560,"Pull Up Attribute"
57168560,"Pull Up Attribute"
57168560,"Pull Up Attribute"
57168560,"Pull Up Attribute"
57168560,"Pull Up Attribute"
57168560,"Pull Up Attribute"
57168560,"Pull Up Attribute"
58136378,"Extract Superclass"
58136378,"Extract Superclass"
61759298,"Rename Class"
61759298,"Rename Class"
61759298,"Rename Class"
61759298,"Pull Up Method"
61759298,"Pull Up Method"
62279091,"Extract Method"
62279091,"Extract Method"
62279091,"Extract Method"
62279091,"Extract Method"
62279091,"Extract Method"
63574851,"Rename Class"
63574851,"Extract Method"
63574851,"Extract Method"
63574851,"Extract And Move Method"
63643973,"Move Source Folder"
64148836,"Extract Method"
64220829,"Move Class"
64220829,"Move Class"
64220829,"Move Class"
64220829,"Extract Superclass"
64220829,"Extract Superclass"
64220829,"Extract Superclass"
64220829,"Rename Method"
64220829,"Rename Method"
64220829,"Extract Method"
64220829,"Extract Method"
64220829,"Rename Method"
64220829,"Move Method"
64445705,"Move Class"
64445705,"Move Class"
64445705,"Move Class"
64445705,"Extract Superclass"
64445705,"Extract Superclass"
64445705,"Extract Superclass"
64445705,"Rename Method"
64445705,"Rename Method"
64445705,"Extract Method"
64445705,"Extract Method"
64445705,"Rename Method"
64445705,"Move Method"
64534796,"Rename Method"
64534796,"Rename Method"
65080636,"Rename Method"
65080636,"Rename Method"
73595634,"Move Class"
75805015,"Extract Method"
88014417,"Extract Method"
88014417,"Extract Method"
94495238,"Rename Class"
94495238,"Extract Method"
94495238,"Extract Method"
94495238,"Extract Method"
94495238,"Extract Method"
94495238,"Extract Method"
94495238,"Extract Method"
94495238,"Extract Method"
94495238,"Extract Method"
94495238,"Extract Method"
94495238,"Extract Method"
94495238,"Extract Method"
94495238,"Rename Method"
112652566,"Rename Class"
112652566,"Extract Superclass"
112652566,"Rename Method"
112652566,"Rename Method"
112652566,"Pull Up Method"
112652566,"Pull Up Method"
112652566,"Pull Up Method"
114523562,"Extract Method"
114562939,"Extract Method"
118095908,"Rename Class"
118095908,"Rename Class"
118095908,"Rename Method"
118095908,"Extract Method"
118095908,"Rename Method"
118095908,"Extract Method"
118095908,"Rename Method"
118095908,"Rename Method"
146157498,"Extract Interface"
146157498,"Extract Method"
146157498,"Extract Method"
146157498,"Extract Method"
146157498,"Extract And Move Method"
147965911,"Extract Method"
147965911,"Extract Method"
147965911,"Extract Method"
147965911,"Extract Method"
148214776,"Extract Method"
148214776,"Extract Method"
148214776,"Extract Method"
148214776,"Extract Method"
148214776,"Extract Method"
148214776,"Extract Method"
148214776,"Extract Method"
148214776,"Extract Method"
148214776,"Extract Method"
148214776,"Extract Method"
148214776,"Extract Method"
148214776,"Extract Method"
148214776,"Extract Method"
149378367,"Rename Class"
149378367,"Rename Class"
149378367,"Rename Method"
18140926,"Extract Interface"
38065002,"Extract Method"
58086913,"Extract Superclass"
58086913,"Extract Superclass"
58086913,"Rename Method"
58086913,"Pull Up Method"
58086913,"Pull Up Method"
58086913,"Pull Up Method"
58086913,"Pull Up Method"
58086913,"Pull Up Method"
58086913,"Pull Up Method"
58086913,"Pull Up Method"
58086913,"Pull Up Method"
58086913,"Pull Up Method"
58086913,"Pull Up Method"
58086913,"Pull Up Method"
58086913,"Pull Up Method"
58086913,"Pull Up Attribute"
58086913,"Pull Up Attribute"
58086913,"Pull Up Attribute"
101087541,"Extract Method"
3194738,"Rename Method"
5958616,"Rename Method"
9947716,"Extract Method"
59446681,"Rename Method"
59446681,"Rename Method"
59446681,"Rename Method"
14941321,"Rename Method"
36588432,"Extract Superclass"
36588432,"Extract Superclass"
36588432,"Extract Superclass"
36588432,"Extract Superclass"
36588432,"Extract Method"
36588432,"Rename Method"
36588432,"Rename Method"
36588432,"Pull Up Attribute"
36588432,"Pull Up Attribute"
36588432,"Pull Up Attribute"
36588432,"Pull Up Attribute"
36945400,"Rename Method"
36945400,"Rename Method"
48360498,"Pull Up Attribute"
48360498,"Pull Up Attribute"
48360498,"Pull Up Attribute"
48360498,"Pull Up Attribute"
48360498,"Pull Up Attribute"
48360498,"Pull Up Attribute"
48360498,"Pull Up Method"
48360498,"Pull Up Method"
21173523,"Move Class"
21173523,"Extract Superclass"
21173523,"Extract Superclass"
21173523,"Extract Superclass"
21173523,"Move Attribute"
21173523,"Move Attribute"
21173523,"Move Attribute"
21173523,"Move Attribute"
21173523,"Move Attribute"
21173523,"Move Attribute"
21173523,"Move Attribute"
21173523,"Move Attribute"
21173523,"Move Attribute"
21173523,"Move Attribute"
21173523,"Move Attribute"
21173523,"Move Attribute"
21173523,"Move Attribute"
21173523,"Move Attribute"
21173523,"Move Attribute"
21173523,"Move Attribute"
21173523,"Move Attribute"
21173523,"Move Attribute"
21173523,"Move Attribute"
21173523,"Move Attribute"
21173523,"Move Attribute"
21173523,"Move Attribute"
21173523,"Move Attribute"
21173523,"Move Attribute"
21173523,"Move Attribute"
21173523,"Move Attribute"
21173523,"Move Attribute"
21173523,"Move Attribute"
21173523,"Move Attribute"
21173523,"Move Attribute"
21173523,"Move Attribute"
21173523,"Move Attribute"
21173523,"Move Attribute"
21173523,"Move Attribute"
21173523,"Move Attribute"
21173523,"Move Attribute"
21173523,"Move Attribute"
21173523,"Move Attribute"
21173523,"Move Attribute"
21173523,"Move Attribute"
21173523,"Move Attribute"
21173523,"Move Attribute"
21173523,"Move Attribute"
21173523,"Move Attribute"
21173523,"Move Attribute"
21173523,"Move Attribute"
21173523,"Move Attribute"
21173523,"Move Attribute"
21173523,"Move Attribute"
21173523,"Move Attribute"
21173523,"Move Attribute"
21173523,"Move Attribute"
21173523,"Move Attribute"
21173523,"Move Attribute"
21173523,"Move Attribute"
21173523,"Move Attribute"
21173523,"Move Attribute"
21173523,"Move Attribute"
21173523,"Move Attribute"
21173523,"Move Attribute"
21173523,"Move Attribute"
21173523,"Move Attribute"
21173523,"Move Attribute"
21173523,"Move Attribute"
21173523,"Move Method"
21173523,"Move Method"
21173523,"Move Method"
21173523,"Move Method"
21173523,"Move Method"
21173523,"Move Method"
21173523,"Move Method"
21173523,"Move Method"
21173523,"Move Method"
21173523,"Move Method"
21173523,"Move Method"
21173523,"Move Method"
21173523,"Move Method"
21173523,"Move Method"
21173523,"Move Method"
21173523,"Move Method"
21173523,"Move Method"
21173523,"Move Method"
21173523,"Move Method"
21173523,"Move Method"
21173523,"Move Method"
21173523,"Move Method"
21173523,"Move Method"
21173523,"Move Method"
21173523,"Move Method"
21173523,"Move Method"
21173523,"Move Method"
21173523,"Move Method"
21173523,"Move Method"
21173523,"Move Method"
21173523,"Move Method"
21173523,"Move Method"
21173523,"Move Method"
21173523,"Move Method"
21173523,"Move Method"
21173523,"Move Method"
21173523,"Move Method"
21173523,"Move Method"
21173523,"Move Method"
21173523,"Move Method"
21173523,"Move Method"
21173523,"Move Method"
21173523,"Move Method"
21173523,"Move Method"
21173523,"Move Method"
21173523,"Move Method"
21173523,"Move Method"
21173523,"Move Method"
21173523,"Move Method"
21173523,"Move Method"
21173523,"Move Method"
21173523,"Move Method"
21173523,"Move Method"
21173523,"Move Method"
21173523,"Move Method"
21173523,"Move Method"
21173523,"Move Method"
21173523,"Move Method"
21173523,"Move Method"
21173523,"Move Method"
21173523,"Move Method"
21173523,"Move Method"
21173523,"Move Method"
21173523,"Move Method"
21173523,"Move Method"
21173523,"Move Method"
21173523,"Move Method"
21173523,"Move Method"
21173523,"Move Method"
21173523,"Move Method"
21173523,"Move Method"
21173523,"Move Method"
21173523,"Move Method"
21173523,"Move Method"
21173523,"Move Method"
21173523,"Move Method"
21173523,"Move Method"
21173523,"Move Method"
21173523,"Move Method"
21173523,"Move Method"
21173523,"Move Method"
21173523,"Move Method"
21173523,"Move Method"
21173523,"Move Method"
21173523,"Move Method"
21173523,"Move Method"
21173523,"Move Method"
21173523,"Move Method"
21173523,"Move Method"
21173523,"Move Method"
21173523,"Move Method"
21173523,"Move Method"
21173523,"Move Method"
21173523,"Move Method"
21173523,"Move Method"
21173523,"Move Method"
21173523,"Move Method"
21173523,"Move Method"
21173523,"Move Method"
21173523,"Move Method"
21173523,"Move Method"
21173523,"Move Method"
21173523,"Move Method"
21173523,"Move Method"
21173523,"Move Method"
21173523,"Move Method"
21173523,"Move Method"
21173523,"Move Method"
21173523,"Move Method"
21173523,"Move Method"
21173523,"Move Method"
21173523,"Move Method"
21173523,"Move Method"
21173523,"Move Method"
21173523,"Move Method"
21173523,"Move Method"
21173523,"Move Method"
21173523,"Move Method"
21173523,"Move Method"
21173523,"Move Method"
21173523,"Move Method"
21173523,"Move Method"
21173523,"Move Method"
21173523,"Move Method"
21173523,"Move Method"
21173523,"Move Method"
21173523,"Move Method"
21173523,"Move Method"
21173523,"Move Method"
21173523,"Move Method"
21173523,"Move Method"
21173523,"Move Method"
21173523,"Move Method"
21173523,"Move Method"
21173523,"Move Method"
21173523,"Move Method"
21173523,"Move Method"
21173523,"Move Method"
21173523,"Move Method"
21173523,"Move Method"
21173523,"Move Method"
21173523,"Move Method"
21173523,"Move Method"
21173523,"Move Method"
21173523,"Move Method"
21173523,"Move Method"
21173523,"Move Method"
21173523,"Move Method"
21173523,"Move Method"
21173523,"Move Method"
21173523,"Move Method"
21173523,"Move Method"
21173523,"Move Method"
21173523,"Move Method"
21173523,"Move Method"
21173523,"Move Method"
21173523,"Move Method"
21173523,"Move Method"
21173523,"Move Method"
21173523,"Move Method"
21173523,"Move Method"
21173523,"Move Method"
21173523,"Move Method"
21173523,"Move Method"
21173523,"Move Method"
43280927,"Extract Method"
44338153,"Rename Method"
96984076,"Move Class"
96984076,"Move Class"
96984076,"Pull Up Attribute"
96984076,"Pull Up Attribute"
96984076,"Pull Up Attribute"
96984076,"Pull Up Attribute"
96984076,"Pull Up Attribute"
96984076,"Pull Up Attribute"
97004216,"Move Attribute"
97004216,"Move Attribute"
97004216,"Extract Superclass"
97004216,"Extract Superclass"
97004216,"Move Attribute"
97004216,"Move Attribute"
97004216,"Push Down Attribute"
97004216,"Move Attribute"
97004216,"Move Attribute"
97004216,"Move Attribute"
97004216,"Move Attribute"
97004216,"Move Attribute"
97004216,"Move Method"
97224781,"Rename Class"
3077865,"Move Class"
3077865,"Rename Method"
3077865,"Rename Method"
3077865,"Rename Method"
3077865,"Inline Method"
3077865,"Rename Method"
3077865,"Extract Method"
3077865,"Extract And Move Method"
3077865,"Move Method"
3103901,"Extract Method"
3103910,"Extract Method"
3144120,"Move Attribute"
3144120,"Move Attribute"
3144120,"Extract Method"
3144120,"Extract Method"
3144120,"Move Method"
3144806,"Move Attribute"
3144806,"Move Attribute"
3144806,"Extract Method"
3144806,"Extract Method"
3144806,"Move Method"
3192198,"Move Method"
3192198,"Move Method"
3542808,"Extract Method"
3551134,"Extract Method"
3713530,"Rename Package"
3713530,"Rename Class"
3784889,"Move Class"
3784889,"Move Attribute"
3784889,"Move Attribute"
3784889,"Move Attribute"
3784889,"Move Attribute"
3784889,"Move Attribute"
3784889,"Move Attribute"
3790805,"Inline Method"
3790805,"Inline Method"
3790805,"Inline Method"
3790805,"Inline Method"
3790805,"Inline Method"
3790805,"Inline Method"
3790805,"Inline Method"
3790805,"Inline Method"
3790805,"Inline Method"
3790805,"Inline Method"
3790805,"Inline Method"
3790805,"Inline Method"
3790805,"Inline Method"
3790805,"Inline Method"
3790805,"Inline Method"
3790805,"Inline Method"
3790805,"Inline Method"
3790805,"Inline Method"
3790805,"Inline Method"
3790805,"Inline Method"
3790805,"Inline Method"
3790805,"Inline Method"
3790805,"Inline Method"
3790805,"Inline Method"
3790805,"Inline Method"
3790805,"Inline Method"
3790805,"Inline Method"
3790805,"Inline Method"
3790805,"Inline Method"
3790805,"Inline Method"
3790805,"Inline Method"
3790805,"Inline Method"
3790805,"Inline Method"
3790805,"Inline Method"
3790805,"Inline Method"
3790805,"Inline Method"
3790805,"Inline Method"
3790805,"Inline Method"
3790805,"Inline Method"
3790805,"Inline Method"
3790805,"Inline Method"
3790805,"Inline Method"
3790805,"Inline Method"
3790805,"Inline Method"
3790805,"Inline Method"
3790805,"Inline Method"
3790805,"Inline Method"
3790805,"Inline Method"
3790805,"Inline Method"
3790805,"Inline Method"
3790805,"Inline Method"
3790805,"Inline Method"
3790805,"Inline Method"
3790805,"Inline Method"
3790805,"Inline Method"
3790805,"Inline Method"
3790805,"Inline Method"
3790805,"Inline Method"
3790805,"Inline Method"
3790805,"Inline Method"
3790805,"Inline Method"
3790805,"Inline Method"
3790805,"Inline Method"
3790805,"Inline Method"
3790805,"Inline Method"
3790805,"Inline Method"
3790805,"Inline Method"
3790805,"Inline Method"
3790805,"Inline Method"
3790805,"Inline Method"
3790805,"Inline Method"
3790805,"Inline Method"
3790805,"Extract And Move Method"
3800309,"Move Attribute"
3800309,"Move Attribute"
3800309,"Move Attribute"
3800309,"Move Attribute"
3800309,"Move Attribute"
3800309,"Move Attribute"
3803530,"Rename Class"
3803530,"Rename Class"
3803530,"Rename Class"
3803579,"Rename Class"
3803579,"Rename Class"
3803579,"Rename Class"
3829397,"Rename Class"
3829397,"Move Attribute"
3829397,"Move Attribute"
3829397,"Move Attribute"
3829397,"Move Attribute"
3829397,"Move Method"
3832552,"Rename Class"
3832552,"Move Attribute"
3832552,"Move Attribute"
3832552,"Move Attribute"
3832552,"Move Attribute"
3832552,"Move Method"
3851631,"Rename Method"
3851631,"Rename Method"
3851631,"Rename Method"
3851631,"Rename Method"
3851631,"Rename Method"
3874541,"Rename Method"
3874541,"Rename Method"
3874541,"Rename Method"
3874541,"Rename Method"
3874541,"Rename Method"
3874541,"Rename Method"
3874541,"Rename Method"
3874541,"Rename Method"
3874541,"Rename Method"
3874541,"Rename Method"
3874541,"Rename Method"
3874541,"Rename Method"
3874541,"Rename Method"
3874541,"Rename Method"
3874541,"Rename Method"
3874541,"Rename Method"
3874541,"Rename Method"
3874541,"Rename Method"
3874541,"Rename Method"
3874541,"Rename Method"
3874541,"Rename Method"
3874541,"Rename Method"
3874541,"Rename Method"
3874541,"Rename Method"
3874541,"Rename Method"
3874541,"Rename Method"
3874541,"Rename Method"
3874541,"Rename Method"
3874541,"Rename Method"
3874541,"Rename Method"
3874541,"Rename Method"
3874541,"Rename Method"
3874541,"Rename Method"
3874541,"Rename Method"
3874541,"Rename Method"
3874541,"Rename Method"
3874541,"Rename Method"
3874541,"Rename Method"
3874541,"Rename Method"
3874541,"Rename Method"
3874541,"Rename Method"
3874541,"Rename Method"
3874541,"Rename Method"
3874541,"Rename Method"
3874541,"Rename Method"
3874541,"Rename Method"
3874541,"Rename Method"
3874541,"Rename Method"
3874541,"Rename Method"
3874541,"Rename Method"
3874541,"Rename Method"
3874541,"Rename Method"
3874541,"Rename Method"
3874541,"Rename Method"
3874541,"Rename Method"
3874541,"Rename Method"
3874541,"Rename Method"
3874541,"Rename Method"
3874541,"Rename Method"
3874541,"Rename Method"
3874541,"Rename Method"
3874541,"Rename Method"
3874541,"Rename Method"
3874541,"Rename Method"
3874541,"Rename Method"
3874541,"Rename Method"
3874541,"Rename Method"
3874541,"Rename Method"
3874541,"Rename Method"
3874541,"Rename Method"
3874541,"Rename Method"
3874541,"Rename Method"
3874541,"Rename Method"
3874541,"Rename Method"
3874541,"Rename Method"
3874541,"Rename Method"
3874541,"Rename Method"
3874541,"Rename Method"
3874541,"Rename Method"
3874541,"Rename Method"
3874541,"Rename Method"
3874541,"Rename Method"
3874541,"Rename Method"
3874541,"Rename Method"
3874541,"Rename Method"
3874541,"Rename Method"
3874541,"Rename Method"
3874541,"Rename Method"
3874541,"Rename Method"
3874541,"Rename Method"
3874541,"Rename Method"
3874541,"Rename Method"
3874541,"Rename Method"
3874541,"Rename Method"
3874541,"Rename Method"
3874541,"Rename Method"
3874541,"Rename Method"
3874541,"Rename Method"
3874541,"Rename Method"
3874541,"Rename Method"
3874541,"Rename Method"
3874541,"Rename Method"
3874541,"Rename Method"
3874541,"Rename Method"
3874541,"Rename Method"
3874541,"Rename Method"
3874541,"Rename Method"
3874541,"Rename Method"
3874541,"Rename Method"
3874541,"Rename Method"
3874541,"Rename Method"
3874541,"Rename Method"
3874541,"Rename Method"
3874541,"Rename Method"
3874541,"Rename Method"
3874541,"Rename Method"
3874541,"Rename Method"
3874541,"Rename Method"
3874541,"Rename Method"
3874541,"Rename Method"
3874541,"Rename Method"
3874541,"Rename Method"
3874541,"Rename Method"
3874541,"Rename Method"
3874541,"Rename Method"
3874541,"Rename Method"
3874541,"Rename Method"
3874541,"Rename Method"
3874541,"Rename Method"
3874541,"Rename Method"
3874541,"Rename Method"
3874541,"Rename Method"
3874541,"Rename Method"
3874541,"Rename Method"
3874541,"Rename Method"
3874541,"Rename Method"
3874541,"Rename Method"
3874541,"Rename Method"
3874541,"Rename Method"
3874541,"Rename Method"
3874541,"Rename Method"
3874541,"Rename Method"
3874541,"Rename Method"
3874541,"Rename Method"
3874541,"Rename Method"
3874541,"Rename Method"
3874541,"Rename Method"
3874541,"Rename Method"
3874541,"Rename Method"
3874541,"Rename Method"
3874541,"Rename Method"
3874541,"Rename Method"
3874541,"Rename Method"
3874541,"Rename Method"
3874541,"Rename Method"
3874541,"Rename Method"
3874541,"Rename Method"
3874541,"Rename Method"
3874541,"Rename Method"
3874541,"Rename Method"
3874541,"Rename Method"
3874541,"Rename Method"
3874541,"Rename Method"
3874541,"Rename Method"
3874541,"Rename Method"
3874541,"Rename Method"
3874541,"Rename Method"
3874541,"Rename Method"
3874541,"Rename Method"
3874541,"Rename Method"
3874541,"Rename Method"
3874541,"Rename Method"
3874541,"Rename Method"
3874541,"Rename Method"
3874541,"Rename Method"
3874541,"Rename Method"
3874541,"Rename Method"
3874541,"Rename Method"
3874541,"Rename Method"
3874541,"Rename Method"
3874541,"Rename Method"
3874541,"Rename Method"
3874541,"Rename Method"
3874541,"Rename Method"
3874541,"Rename Method"
3874541,"Rename Method"
3874541,"Rename Method"
3874541,"Rename Method"
3874541,"Rename Method"
3874541,"Rename Method"
3874541,"Rename Method"
3874541,"Rename Method"
3874541,"Rename Method"
3874541,"Rename Method"
3874541,"Rename Method"
3874541,"Rename Method"
3874541,"Rename Method"
3874541,"Rename Method"
3874541,"Rename Method"
3874541,"Rename Method"
3874541,"Rename Method"
3874541,"Rename Method"
3874541,"Rename Method"
3874541,"Rename Method"
3874541,"Rename Method"
3874541,"Rename Method"
3874541,"Rename Method"
3874541,"Rename Method"
3874541,"Rename Method"
3874541,"Rename Method"
3874541,"Rename Method"
3874541,"Rename Method"
3874541,"Rename Method"
3874541,"Rename Method"
3874541,"Rename Method"
3874541,"Rename Method"
3874541,"Rename Method"
3874541,"Rename Method"
3874541,"Rename Method"
3874541,"Rename Method"
3874541,"Rename Method"
3874541,"Rename Method"
3874541,"Rename Method"
3874541,"Rename Method"
3874541,"Rename Method"
3874541,"Rename Method"
3874541,"Rename Method"
3874541,"Rename Method"
3874541,"Rename Method"
3874541,"Rename Method"
3874541,"Rename Method"
3874541,"Rename Method"
3874541,"Rename Method"
3874541,"Rename Method"
3874541,"Rename Method"
3874541,"Rename Method"
3874541,"Rename Method"
3874541,"Rename Method"
3874541,"Rename Method"
3874541,"Rename Method"
3874541,"Rename Method"
3874541,"Rename Method"
3874541,"Rename Method"
3874541,"Rename Method"
3874541,"Rename Method"
3874541,"Rename Method"
3874541,"Rename Method"
3874541,"Rename Method"
3874541,"Rename Method"
3874541,"Rename Method"
3874541,"Rename Method"
3874541,"Rename Method"
3874541,"Rename Method"
3874541,"Rename Method"
3874541,"Rename Method"
3874541,"Rename Method"
3874541,"Rename Method"
3874541,"Rename Method"
3874541,"Rename Method"
3874541,"Rename Method"
3874541,"Rename Method"
3874541,"Rename Method"
3874541,"Rename Method"
3874541,"Rename Method"
3874541,"Rename Method"
3874541,"Rename Method"
3874541,"Rename Method"
3874541,"Rename Method"
3874541,"Rename Method"
3874541,"Rename Method"
3874541,"Rename Method"
3874541,"Rename Method"
3874541,"Rename Method"
3874541,"Rename Method"
3874541,"Rename Method"
3874541,"Rename Method"
3874541,"Rename Method"
3874541,"Rename Method"
3874541,"Rename Method"
3874541,"Rename Method"
3874541,"Rename Method"
3874541,"Rename Method"
3874541,"Rename Method"
3874541,"Rename Method"
3874541,"Rename Method"
3874541,"Rename Method"
3874541,"Rename Method"
3874541,"Rename Method"
3874541,"Rename Method"
3874541,"Rename Method"
3874541,"Rename Method"
3874541,"Rename Method"
3874541,"Rename Method"
3874541,"Rename Method"
3874541,"Rename Method"
3874541,"Rename Method"
3874541,"Rename Method"
3874541,"Rename Method"
3874541,"Rename Method"
3874541,"Rename Method"
3874541,"Rename Method"
3874541,"Rename Method"
3874541,"Rename Method"
3874541,"Rename Method"
3874541,"Rename Method"
3874541,"Rename Method"
3874541,"Rename Method"
3874541,"Rename Method"
3874541,"Rename Method"
3874541,"Rename Method"
3874541,"Rename Method"
3874541,"Rename Method"
3874541,"Move Method"
3874541,"Move Method"
3878466,"Extract Method"
3878641,"Extract Method"
3900771,"Inline Method"
3900878,"Inline Method"
3901359,"Extract Method"
3907378,"Extract Method"
3910670,"Move Class"
3910670,"Move Class"
3910670,"Move Class"
3910670,"Move Class"
3910670,"Move Class"
3910670,"Move Class"
3910670,"Move Class"
3910670,"Move Class"
3910670,"Move Class"
3910670,"Move Class"
3910670,"Move Class"
3910670,"Move Class"
3910670,"Move Class"
3910670,"Move Class"
3910670,"Move Class"
3910670,"Move Class"
3910670,"Move Class"
3910670,"Move Class"
3910670,"Move Class"
3910670,"Move Class"
3910670,"Move Class"
3910670,"Move Class"
3910670,"Move Class"
3910670,"Move Class"
3910670,"Move Class"
3910670,"Move Class"
3910670,"Move Class"
3910670,"Move Class"
3910670,"Move Class"
3910670,"Move Class"
3910670,"Move Class"
3910670,"Move Class"
3910670,"Move Class"
3910670,"Move Class"
3910670,"Move Class"
3910670,"Move Class"
3910670,"Move Class"
3910670,"Move Class"
3910670,"Move Class"
3910670,"Move Class"
3910670,"Move Class"
3910670,"Move Class"
3910670,"Move Attribute"
3910670,"Move Method"
3910670,"Move Method"
3910670,"Move Method"
3910670,"Move Method"
3910670,"Move Method"
3910670,"Move Method"
3910670,"Move Method"
3910670,"Move Method"
3910670,"Move Method"
3910670,"Move Method"
3910670,"Move Method"
3910670,"Move Method"
3910820,"Move Class"
3910820,"Move Class"
3910820,"Move Class"
3910820,"Move Class"
3910820,"Move Class"
3910820,"Move Class"
3910820,"Move Class"
3910820,"Move Class"
3910820,"Move Class"
3910820,"Move Class"
3910820,"Move Class"
3910820,"Move Class"
3910820,"Move Class"
3910820,"Move Class"
3910820,"Move Class"
3910820,"Move Class"
3910820,"Move Class"
3910820,"Move Class"
3910820,"Move Class"
3910820,"Move Class"
3910820,"Move Class"
3910820,"Move Class"
3910820,"Move Class"
3910820,"Move Class"
3910820,"Move Class"
3910820,"Move Class"
3910820,"Move Class"
3910820,"Move Class"
3910820,"Move Class"
3910820,"Move Class"
3910820,"Move Class"
3910820,"Move Class"
3910820,"Move Class"
3910820,"Move Class"
3910820,"Move Class"
3910820,"Move Class"
3910820,"Move Class"
3910820,"Move Class"
3910820,"Move Class"
3910820,"Move Class"
3910820,"Move Class"
3910820,"Move Class"
3910820,"Move Attribute"
3910820,"Move Method"
3910820,"Move Method"
3910820,"Move Method"
3910820,"Move Method"
3910820,"Move Method"
3910820,"Move Method"
3910820,"Move Method"
3910820,"Move Method"
3910820,"Move Method"
3910820,"Move Method"
3910820,"Move Method"
3910820,"Move Method"
3938145,"Rename Method"
3938389,"Rename Method"
3992019,"Rename Method"
3992103,"Rename Method"
9879216,"Move Class"
9879216,"Move Class"
9879216,"Move Class"
9879216,"Move Class"
9879216,"Move Class"
9879216,"Move Class"
9879216,"Move Class"
10104220,"Push Down Attribute"
10104220,"Push Down Attribute"
10104220,"Move Attribute"
10104220,"Push Down Attribute"
10104220,"Push Down Attribute"
10104220,"Push Down Attribute"
10104220,"Push Down Attribute"
10104220,"Push Down Attribute"
10104220,"Push Down Attribute"
10104220,"Push Down Method"
10104220,"Push Down Method"
10104220,"Push Down Method"
10104220,"Push Down Method"
10104220,"Push Down Method"
10104220,"Push Down Method"
10104220,"Push Down Method"
10104220,"Push Down Method"
10104220,"Push Down Method"
10104220,"Push Down Method"
10104220,"Push Down Method"
10104220,"Push Down Method"
10104220,"Push Down Method"
10104220,"Push Down Method"
10104220,"Push Down Method"
10104220,"Push Down Method"
10104220,"Push Down Method"
10104220,"Push Down Method"
10104220,"Push Down Method"
10104220,"Push Down Method"
10104220,"Push Down Method"
10104220,"Push Down Method"
10104220,"Push Down Method"
10104220,"Push Down Method"
10104220,"Push Down Method"
10104220,"Push Down Method"
10104220,"Push Down Method"
10104220,"Push Down Method"
10227887,"Rename Class"
10227887,"Rename Class"
10227887,"Rename Method"
10227887,"Rename Method"
10374967,"Rename Method"
10894495,"Extract Method"
10899706,"Extract Method"
10900748,"Rename Method"
13457045,"Move Source Folder"
13457045,"Move Attribute"
13457045,"Move Attribute"
13457045,"Move Method"
13457045,"Move Method"
14820324,"Rename Class"
14820324,"Rename Class"
14820324,"Rename Method"
16419903,"Rename Class"
16419903,"Rename Class"
16419903,"Rename Method"
16471608,"Rename Method"
16786487,"Rename Method"
16786487,"Extract Method"
17071590,"Rename Method"
17071590,"Extract Method"
17071590,"Rename Method"
17071590,"Rename Method"
17071590,"Rename Method"
17071590,"Rename Method"
17363012,"Extract Method"
17363012,"Extract Method"
17369822,"Extract Method"
17369822,"Extract Method"
17664953,"Extract Method"
17669813,"Move Class"
17743929,"Rename Class"
17816556,"Extract Method"
17816556,"Extract Method"
17858988,"Rename Method"
17858988,"Rename Method"
17858988,"Rename Method"
17858988,"Rename Method"
17858988,"Rename Method"
17858988,"Rename Method"
17858988,"Rename Method"
17858988,"Rename Method"
17858988,"Rename Method"
17858988,"Rename Method"
17858988,"Rename Method"
17858988,"Rename Method"
18112891,"Inline Method"
18112891,"Extract Method"
18113053,"Inline Method"
18113053,"Extract Method"
18477858,"Rename Method"
18477858,"Rename Method"
18498871,"Rename Method"
18501631,"Rename Method"
18681515,"Extract Method"
18681515,"Extract Method"
18681515,"Rename Method"
18681515,"Extract Method"
18702845,"Move Attribute"
18702845,"Move Attribute"
18702845,"Move Attribute"
18702845,"Move Attribute"
18702845,"Move Method"
18702845,"Move Method"
18702845,"Move Method"
18742328,"Move Attribute"
18742328,"Move Attribute"
18742328,"Move Attribute"
18742328,"Move Attribute"
18742328,"Move Method"
18742328,"Move Method"
18742328,"Move Method"
18764512,"Move Method"
18892712,"Rename Method"
18892712,"Rename Method"
18904728,"Rename Method"
18904728,"Rename Method"
18908122,"Move Class"
18908122,"Move Class"
18908122,"Move Class"
18908122,"Move Method"
18908122,"Move Method"
18908122,"Move Method"
18909360,"Move Class"
18909360,"Move Class"
18909360,"Move Class"
18909360,"Move Method"
18909360,"Move Method"
18909360,"Move Method"
18945160,"Move Class"
18945160,"Move Class"
18945160,"Move Attribute"
18945160,"Move Attribute"
18945160,"Move Attribute"
18945160,"Move Attribute"
18945160,"Move Attribute"
18945160,"Move Attribute"
18945160,"Move Attribute"
18945160,"Move Attribute"
18945160,"Move Attribute"
18957389,"Push Down Attribute"
18957389,"Push Down Attribute"
18957389,"Push Down Attribute"
18957389,"Push Down Attribute"
18957389,"Push Down Attribute"
18957389,"Push Down Attribute"
18957389,"Rename Method"
18957389,"Rename Method"
18957389,"Inline Method"
18957389,"Rename Method"
18957389,"Rename Method"
19080661,"Push Down Attribute"
19080661,"Push Down Attribute"
19080661,"Push Down Attribute"
19080661,"Push Down Attribute"
19080661,"Push Down Attribute"
19080661,"Push Down Attribute"
19080661,"Rename Method"
19080661,"Rename Method"
19080661,"Inline Method"
19080661,"Rename Method"
19080661,"Rename Method"
19093322,"Rename Method"
19093322,"Rename Method"
19093322,"Rename Method"
19093322,"Rename Method"
19093322,"Move Method"
19235596,"Rename Method"
19401327,"Rename Method"
19900061,"Inline Method"
20058390,"Extract Method"
20058390,"Extract Method"
20203011,"Extract Method"
20203011,"Extract Method"
20203011,"Extract Method"
20203011,"Extract Method"
20203011,"Extract Method"
20203011,"Extract Method"
20203011,"Extract Method"
20203011,"Extract Method"
20219500,"Extract Method"
20219500,"Extract Method"
20219500,"Extract Method"
20219500,"Extract Method"
20219500,"Extract Method"
20219500,"Extract Method"
20219500,"Extract Method"
20219500,"Extract Method"
21367619,"Extract Method"
21904951,"Extract Method"
23093593,"Rename Class"
23093593,"Rename Class"
23093593,"Rename Class"
23093593,"Rename Class"
23093593,"Inline Method"
23118970,"Rename Class"
23118970,"Rename Class"
23118970,"Rename Class"
23118970,"Rename Class"
23118970,"Inline Method"
23875335,"Extract Method"
23875335,"Rename Method"
23875335,"Rename Method"
23875335,"Rename Method"
23875335,"Rename Method"
23875335,"Rename Method"
25409590,"Rename Method"
25409590,"Rename Method"
37789950,"Rename Method"
37868394,"Rename Class"
37868394,"Rename Method"
37868394,"Rename Method"
37868394,"Rename Method"
37868394,"Rename Method"
39083403,"Move Attribute"
39083403,"Move Attribute"
39083403,"Move Attribute"
39098868,"Move Attribute"
39098868,"Move Attribute"
39098868,"Move Attribute"
40022783,"Rename Class"
40022783,"Rename Method"
40022783,"Rename Method"
40022783,"Rename Method"
40022783,"Rename Method"
40022783,"Rename Method"
40022783,"Rename Method"
40022783,"Rename Method"
40035191,"Move Class"
40035191,"Move Class"
42513448,"Extract And Move Method"
42513979,"Rename Method"
44156325,"Rename Class"
44156325,"Rename Class"
44156325,"Rename Class"
44156325,"Rename Class"
44156325,"Rename Class"
44156325,"Rename Class"
45251751,"Move Attribute"
45251751,"Move Attribute"
45251751,"Move Attribute"
45374456,"Extract Method"
45374456,"Extract Method"
45383214,"Extract And Move Method"
45717778,"Rename Method"
45833765,"Rename Class"
45833765,"Rename Method"
46713756,"Move Source Folder"
46853465,"Extract Method"
46914514,"Rename Method"
46914514,"Extract Method"
46914514,"Inline Method"
46914858,"Move Source Folder"
49820410,"Inline Method"
49820410,"Inline Method"
53958439,"Rename Class"
53958439,"Rename Class"
53958439,"Rename Class"
53958439,"Rename Class"
53958439,"Rename Class"
53958439,"Rename Class"
54187081,"Move Class"
54187081,"Move Class"
54187081,"Move Class"
54187081,"Move Class"
54187081,"Move Class"
54187081,"Move Source Folder"
54187081,"Move Source Folder"
54413252,"Extract Method"
54891067,"Move Attribute"
54891067,"Rename Method"
54891067,"Inline Method"
61191523,"Extract Method"
61191523,"Extract Method"
61191523,"Extract Method"
61191706,"Extract Method"
61191706,"Extract Method"
61191706,"Extract Method"
61227797,"Rename Method"
61227797,"Move Method"
61227797,"Move Method"
62026475,"Extract Method"
62026809,"Extract Method"
44861166,"Rename Method"
45599297,"Extract Method"
47496746,"Extract Method"
55317083,"Move Attribute"
55317083,"Extract Method"
55317083,"Move Method"
55317083,"Move Method"
55317083,"Move Method"
56605671,"Inline Method"
56605671,"Extract Method"
56605671,"Extract Method"
54834358,"Inline Method"
54834358,"Rename Method"
54834358,"Rename Method"
54860058,"Extract Method"
54860424,"Extract Method"
55010567,"Rename Method"
55140181,"Rename Method"
55140181,"Extract Method"
55140181,"Extract Method"
55140181,"Extract Method"
55140181,"Rename Method"
55140587,"Rename Method"
55140587,"Extract Method"
55140587,"Extract Method"
55140587,"Extract Method"
55140587,"Rename Method"
55160169,"Rename Method"
55177174,"Rename Method"
55177174,"Rename Method"
55962419,"Extract Interface"
55976409,"Extract Method"
55976409,"Rename Method"
55978209,"Extract Method"
55978209,"Extract Method"
55978209,"Rename Method"
55978209,"Rename Method"
55978209,"Rename Method"
55978209,"Rename Method"
55978209,"Rename Method"
55978209,"Rename Method"
55978209,"Rename Method"
55978209,"Rename Method"
55978209,"Rename Method"
55978209,"Rename Method"
55978209,"Rename Method"
55978209,"Rename Method"
55978209,"Rename Method"
55978209,"Rename Method"
55978209,"Rename Method"
55978209,"Rename Method"
55978209,"Rename Method"
55978209,"Rename Method"
55978209,"Rename Method"
55978209,"Rename Method"
55978209,"Rename Method"
55978209,"Rename Method"
55978209,"Rename Method"
55978209,"Rename Method"
55978209,"Rename Method"
55978209,"Rename Method"
55978209,"Rename Method"
55978209,"Rename Method"
55978209,"Rename Method"
55978209,"Rename Method"
55978209,"Rename Method"
55978209,"Rename Method"
55978209,"Rename Method"
55978209,"Rename Method"
55978209,"Rename Method"
55978209,"Rename Method"
55978209,"Rename Method"
55978209,"Rename Method"
55978209,"Rename Method"
55978209,"Rename Method"
55978209,"Rename Method"
55978209,"Rename Method"
55978209,"Rename Method"
55978209,"Rename Method"
55978209,"Rename Method"
55978209,"Rename Method"
56114531,"Extract Method"
56114531,"Extract Method"
56114531,"Extract Method"
56114531,"Extract Method"
56114531,"Extract Method"
56115488,"Extract Method"
56115488,"Extract Method"
56115488,"Extract Method"
56115488,"Extract Method"
56115488,"Extract Method"
56859496,"Extract Method"
56892148,"Rename Class"
56892148,"Rename Method"
56892148,"Rename Method"
57777358,"Extract Method"
57777358,"Extract Method"
58449486,"Move Attribute"
58449486,"Move Method"
58449486,"Move Method"
58712564,"Rename Class"
58712564,"Rename Class"
58712790,"Rename Class"
58712790,"Rename Class"
58730427,"Extract And Move Method"
58730427,"Extract And Move Method"
58730427,"Extract And Move Method"
58730427,"Extract And Move Method"
58730427,"Extract And Move Method"
58730427,"Extract And Move Method"
58730427,"Extract And Move Method"
58730427,"Extract And Move Method"
62701109,"Extract Method"
62701109,"Extract Method"
62701109,"Extract Method"
62701109,"Extract Method"
62701109,"Extract Method"
62701109,"Extract Method"
62701109,"Extract Method"
62701109,"Extract Method"
63141672,"Rename Method"
63141672,"Rename Method"
63141672,"Rename Method"
63141672,"Rename Method"
63141672,"Rename Method"
63141672,"Rename Method"
63141672,"Rename Method"
63141672,"Rename Method"
63141672,"Rename Method"
63918267,"Rename Method"
63918267,"Rename Method"
64259255,"Rename Method"
64259255,"Move Method"
64259255,"Move Method"
64373922,"Rename Method"
64406758,"Rename Method"
64406758,"Move Method"
65212512,"Inline Method"
65212512,"Move Method"
65212512,"Move Method"
65212512,"Move Method"
65212512,"Move Method"
65212512,"Move Method"
65212512,"Move Method"
65212512,"Move Method"
68472182,"Extract Method"
69330160,"Rename Package"
69330160,"Rename Class"
69330160,"Rename Class"
69330160,"Rename Class"
69330160,"Rename Class"
69330160,"Rename Class"
69330160,"Rename Class"
69330160,"Rename Class"
69330160,"Extract Interface"
69330160,"Move Attribute"
69330160,"Move Attribute"
69330160,"Move Attribute"
69330160,"Move Attribute"
69330160,"Move Attribute"
69330160,"Rename Method"
69330160,"Rename Method"
69330160,"Rename Method"
69330160,"Rename Method"
69330160,"Rename Method"
69330160,"Inline Method"
69330160,"Inline Method"
69330160,"Rename Method"
69330160,"Pull Up Method"
69330160,"Pull Up Method"
69330160,"Pull Up Method"
69330160,"Pull Up Method"
69330160,"Pull Up Method"
69330160,"Pull Up Method"
69330160,"Pull Up Method"
69330160,"Pull Up Method"
69330160,"Pull Up Method"
69330160,"Pull Up Method"
69330160,"Pull Up Method"
69330160,"Pull Up Method"
69330160,"Pull Up Method"
69330160,"Pull Up Method"
69330160,"Pull Up Method"
69330160,"Pull Up Method"
69330160,"Pull Up Method"
69330160,"Pull Up Method"
69330160,"Pull Up Method"
69330160,"Pull Up Method"
69330160,"Pull Up Method"
69330160,"Pull Up Method"
69330160,"Pull Up Method"
69330160,"Pull Up Method"
69330160,"Pull Up Method"
69330160,"Pull Up Method"
69330160,"Pull Up Method"
69330160,"Pull Up Method"
69330160,"Pull Up Method"
69330160,"Pull Up Method"
69330160,"Pull Up Method"
69330160,"Pull Up Method"
69330160,"Pull Up Method"
69330160,"Pull Up Method"
69330160,"Pull Up Method"
69330160,"Pull Up Method"
69330160,"Pull Up Method"
69330160,"Pull Up Method"
69330160,"Pull Up Method"
69430924,"Rename Method"
69729206,"Rename Method"
69729206,"Extract Method"
71305148,"Rename Class"
72279710,"Rename Class"
72279710,"Rename Class"
72279710,"Move Attribute"
72279710,"Move Attribute"
72279710,"Move Attribute"
72279710,"Move Attribute"
72279710,"Move Attribute"
72279710,"Move Attribute"
72279710,"Move Attribute"
72279710,"Move Attribute"
72279710,"Move Attribute"
72279710,"Move Attribute"
72279710,"Move Attribute"
72279710,"Move Attribute"
72279710,"Move Attribute"
72279710,"Move Attribute"
72279710,"Rename Method"
72279710,"Extract And Move Method"
72279710,"Move Method"
72279710,"Move Method"
72279710,"Move Method"
72281565,"Rename Method"
72281565,"Rename Method"
72281565,"Rename Method"
72281565,"Rename Method"
72281565,"Rename Method"
72281565,"Rename Method"
72281565,"Rename Method"
72281565,"Rename Method"
72281565,"Rename Method"
72281565,"Rename Method"
72281565,"Rename Method"
72281565,"Rename Method"
72281565,"Rename Method"
72281565,"Rename Method"
72281565,"Rename Method"
72281565,"Rename Method"
72281565,"Rename Method"
72281565,"Rename Method"
72281565,"Rename Method"
72281565,"Rename Method"
72281565,"Rename Method"
72281565,"Rename Method"
72281565,"Rename Method"
72281565,"Rename Method"
72281565,"Rename Method"
72281565,"Rename Method"
72281565,"Inline Method"
72281565,"Rename Method"
72281565,"Rename Method"
72281565,"Rename Method"
72281565,"Rename Method"
72281565,"Rename Method"
72281565,"Rename Method"
72281565,"Rename Method"
72281565,"Rename Method"
72281565,"Rename Method"
72281565,"Rename Method"
72281565,"Rename Method"
72281565,"Rename Method"
72281565,"Rename Method"
72281565,"Rename Method"
72281565,"Rename Method"
72281565,"Rename Method"
72281565,"Rename Method"
72281565,"Rename Method"
72281565,"Inline Method"
72281565,"Rename Method"
72281565,"Inline Method"
72281565,"Rename Method"
72281565,"Rename Method"
72281565,"Rename Method"
72281565,"Rename Method"
72281565,"Rename Method"
72281565,"Rename Method"
72281565,"Rename Method"
72281565,"Rename Method"
72281565,"Rename Method"
72281565,"Rename Method"
72281565,"Rename Method"
72281565,"Rename Method"
72281565,"Rename Method"
72281565,"Rename Method"
72281565,"Rename Method"
72281565,"Rename Method"
72281565,"Rename Method"
72281565,"Rename Method"
72281565,"Rename Method"
72281565,"Rename Method"
72281565,"Rename Method"
72281565,"Rename Method"
72281565,"Rename Method"
72281565,"Rename Method"
72281565,"Rename Method"
72281565,"Rename Method"
72281565,"Rename Method"
72281565,"Rename Method"
72281565,"Rename Method"
72281565,"Rename Method"
72281565,"Rename Method"
72281565,"Rename Method"
72281565,"Rename Method"
72281565,"Rename Method"
72281565,"Inline Method"
72281565,"Inline Method"
72281565,"Rename Method"
72281565,"Rename Method"
72281565,"Rename Method"
72281565,"Inline Method"
72289663,"Extract Method"
72289663,"Extract Method"
72289663,"Extract Method"
72442592,"Move Class"
72442592,"Move Class"
72442592,"Move Class"
72829902,"Rename Package"
72840341,"Move Class"
72840341,"Move Class"
72840341,"Move Class"
72840341,"Move Class"
73218754,"Rename Method"
73854809,"Extract Method"
74245304,"Rename Method"
74245304,"Extract Method"
74245304,"Extract Method"
74277582,"Extract Method"
74277582,"Rename Method"
74277582,"Rename Method"
74277582,"Rename Method"
74277582,"Rename Method"
74277582,"Rename Method"
74277582,"Rename Method"
74277582,"Rename Method"
74277582,"Rename Method"
74277582,"Rename Method"
74277582,"Rename Method"
74277582,"Rename Method"
74277582,"Rename Method"
74277582,"Rename Method"
74277582,"Rename Method"
74277582,"Rename Method"
74277582,"Rename Method"
74277582,"Rename Method"
74277582,"Rename Method"
74277582,"Rename Method"
74277582,"Rename Method"
74277582,"Rename Method"
74277582,"Rename Method"
74277582,"Rename Method"
74277582,"Rename Method"
74277582,"Rename Method"
74277582,"Rename Method"
74277582,"Rename Method"
74277582,"Rename Method"
74277582,"Rename Method"
74277582,"Rename Method"
74277582,"Rename Method"
74277582,"Rename Method"
74277582,"Rename Method"
74277582,"Rename Method"
74277582,"Rename Method"
74277582,"Extract And Move Method"
75281912,"Extract Method"
75281912,"Extract Method"
75281912,"Extract Method"
75281912,"Extract Method"
76945034,"Rename Method"
76977171,"Extract Method"
77120672,"Rename Method"
77701648,"Move Attribute"
77701648,"Extract Method"
77701648,"Rename Method"
77701648,"Extract Method"
77701648,"Rename Method"
77701648,"Rename Method"
77701648,"Rename Method"
77701648,"Rename Method"
78008133,"Rename Method"
78008133,"Rename Method"
78008133,"Rename Method"
78008133,"Rename Method"
82160171,"Extract Method"
82797197,"Rename Class"
83263786,"Rename Method"
83263786,"Extract Method"
83263786,"Rename Method"
83263786,"Rename Method"
83694821,"Extract Method"
83694821,"Rename Method"
83694821,"Rename Method"
83707721,"Rename Class"
83707721,"Rename Class"
84519862,"Rename Method"
84519862,"Rename Method"
85328845,"Rename Method"
85328845,"Extract Method"
86988510,"Rename Method"
88291727,"Rename Method"
88291727,"Rename Method"
88291727,"Rename Method"
88291727,"Rename Method"
88291727,"Rename Method"
89468320,"Rename Method"
89468320,"Rename Method"
89468320,"Rename Method"
89468320,"Extract Method"
94361306,"Move Attribute"
94361306,"Move Attribute"
94361306,"Move Method"
94361306,"Move Method"
94361306,"Move Method"
95312973,"Rename Class"
95312973,"Rename Class"
95312973,"Rename Class"
95312973,"Rename Method"
95312973,"Rename Method"
95312973,"Rename Method"
95312973,"Rename Method"
96836592,"Rename Method"
96836592,"Rename Method"
103626156,"Extract Method"
106202786,"Extract Method"
106266329,"Rename Method"
107190172,"Move Method"
114468067,"Move Attribute"
114468067,"Move Attribute"
118180234,"Rename Method"
1718295,"Move Attribute"
1718295,"Move Attribute"
1718295,"Move Attribute"
1718295,"Move Method"
1718295,"Move Method"
1719391,"Rename Method"
1768790,"Extract Method"
1768790,"Extract Method"
1808128,"Rename Method"
1810122,"Extract Method"
1825295,"Move Attribute"
1825295,"Move Attribute"
1825295,"Move Attribute"
1825295,"Move Attribute"
1825295,"Move Attribute"
1825295,"Move Attribute"
1825295,"Move Attribute"
1825295,"Move Attribute"
1825295,"Move Attribute"
1825295,"Move Attribute"
1825295,"Move Attribute"
1825295,"Move Attribute"
1825295,"Move Method"
1825295,"Move Method"
1825295,"Move Method"
1825295,"Move Method"
1825295,"Move Method"
1825295,"Move Method"
1825923,"Rename Method"
1877914,"Extract And Move Method"
1886846,"Move Attribute"
1886846,"Move Attribute"
1886846,"Move Attribute"
1886846,"Move Attribute"
1886846,"Move Attribute"
1886846,"Move Attribute"
1886846,"Move Attribute"
1886846,"Move Attribute"
1886846,"Move Attribute"
1886846,"Inline Method"
1886846,"Move Method"
1886846,"Move Method"
1886846,"Move Method"
1943050,"Extract Method"
2166998,"Extract Method"
2167150,"Rename Method"
2167150,"Rename Method"
2255148,"Extract Method"
2255148,"Extract Method"
2255148,"Rename Method"
2255148,"Rename Method"
2255277,"Move Attribute"
2255277,"Move Attribute"
2255277,"Move Attribute"
2255277,"Move Attribute"
2255277,"Move Attribute"
2255277,"Move Attribute"
2255277,"Rename Method"
2255277,"Rename Method"
2392475,"Extract Method"
2392525,"Extract Method"
2393011,"Extract Method"
2405620,"Rename Class"
2735218,"Rename Method"
3881963,"Pull Up Method"
3881963,"Pull Up Method"
4123675,"Rename Method"
4123675,"Rename Method"
5256246,"Rename Class"
6621276,"Extract Method"
6621276,"Extract Method"
6728029,"Extract Method"
6758420,"Rename Method"
6758420,"Rename Method"
6782301,"Rename Method"
6782301,"Rename Method"
6958787,"Extract Method"
7017198,"Rename Class"
7835285,"Rename Method"
7839776,"Rename Method"
9938453,"Move Class"
9938453,"Push Down Attribute"
9938453,"Push Down Attribute"
9938453,"Rename Method"
9938453,"Push Down Method"
9938453,"Push Down Method"
13432421,"Rename Method"
20477650,"Rename Method"
23874001,"Move Attribute"
23874001,"Move Attribute"
23874001,"Move Attribute"
23874001,"Move Attribute"
884739,"Extract And Move Method"
1021521,"Rename Method"
1383114,"Rename Class"
1680039,"Move Class"
1680039,"Move Class"
1680039,"Extract Method"
1685955,"Rename Method"
1686599,"Move Class"
1686599,"Move Class"
1734051,"Rename Method"
1734051,"Rename Method"
1944820,"Move Method"
1944820,"Move Method"
1964869,"Rename Method"
1992832,"Rename Method"
2052451,"Extract Method"
3106182,"Move Attribute"
3106182,"Move Attribute"
3106182,"Move Attribute"
14053268,"Rename Method"
14053268,"Extract Method"
14895663,"Rename Method"
16889613,"Extract Method"
17521337,"Rename Method"
17521337,"Rename Method"
31275609,"Rename Method"
35590465,"Rename Method"
35590465,"Rename Method"
35683705,"Extract Superclass"
35683705,"Extract Superclass"
35683705,"Extract Superclass"
35683705,"Pull Up Method"
35683705,"Pull Up Attribute"
35683705,"Pull Up Method"
35683705,"Pull Up Attribute"
35683705,"Pull Up Method"
35683705,"Pull Up Attribute"
35990499,"Rename Method"
37645754,"Extract And Move Method"
54049262,"Extract Method"
65665563,"Extract Method"
82593540,"Rename Method"
68883948,"Rename Class"
68883948,"Rename Method"
21063920,"Move Class"
21063920,"Move Class"
21063920,"Move Class"
21063920,"Rename Class"
21063920,"Rename Class"
21063920,"Rename Class"
21063920,"Move Attribute"
21063920,"Move Attribute"
21063920,"Move Attribute"
21063920,"Move Attribute"
21063920,"Move Attribute"
21063920,"Move Attribute"
21063920,"Move Attribute"
21063920,"Move Attribute"
21063920,"Move Attribute"
21063920,"Move Attribute"
21063920,"Move Attribute"
21063920,"Move Attribute"
21063920,"Move Attribute"
21063920,"Move Attribute"
21063920,"Move Attribute"
21063920,"Move Attribute"
21063920,"Move Attribute"
21063920,"Move Attribute"
21063920,"Move Attribute"
21063920,"Move Attribute"
21063920,"Move Attribute"
21063920,"Move Attribute"
21063920,"Rename Method"
21063920,"Rename Method"
21063920,"Rename Method"
21063920,"Inline Method"
21063920,"Inline Method"
21063920,"Rename Method"
21063920,"Rename Method"
21063920,"Move Method"
21063920,"Move Method"
26477244,"Rename Class"
26477244,"Rename Class"
26477244,"Rename Method"
26477244,"Rename Method"
26477244,"Rename Method"
26477244,"Rename Method"
26477244,"Rename Method"
29716781,"Move Attribute"
32198452,"Rename Method"
32198452,"Rename Method"
33666989,"Rename Method"
37972503,"Move Class"
37972503,"Extract Method"
37972503,"Extract Method"
38757814,"Move Class"
41146321,"Rename Method"
42816738,"Extract Interface"
44642880,"Move Method"
45120054,"Move Attribute"
45120054,"Move Attribute"
45120054,"Move Attribute"
45120054,"Extract Method"
45120054,"Extract Method"
45120054,"Extract Method"
45120054,"Extract Method"
46948104,"Rename Method"
46948104,"Rename Method"
46948104,"Rename Method"
46948104,"Inline Method"
47194367,"Move Class"
47194367,"Move Class"
48842757,"Rename Class"
48842757,"Push Down Attribute"
48842757,"Push Down Attribute"
48842757,"Inline Method"
48842757,"Extract Method"
48842757,"Rename Method"
48842757,"Rename Method"
48842757,"Rename Method"
48842757,"Push Down Method"
48842757,"Push Down Method"
49139367,"Extract Superclass"
49139367,"Extract Superclass"
49139367,"Extract Superclass"
49139367,"Extract Superclass"
49139367,"Extract Superclass"
49251281,"Rename Method"
49251281,"Rename Method"
49251281,"Extract Method"
50937346,"Rename Method"
51865393,"Extract Superclass"
51865393,"Extract Superclass"
51865393,"Pull Up Method"
51865393,"Pull Up Method"
51865393,"Pull Up Method"
51865393,"Pull Up Method"
51865393,"Pull Up Method"
51865393,"Pull Up Method"
51865393,"Pull Up Attribute"
53947508,"Extract Superclass"
53947508,"Rename Method"
53947508,"Rename Method"
53947508,"Rename Method"
53974326,"Extract And Move Method"
56140323,"Rename Method"
56140323,"Rename Method"
56140323,"Rename Method"
56140323,"Rename Method"
56140323,"Rename Method"
56699213,"Extract Superclass"
56699213,"Extract Superclass"
56699213,"Extract Method"
56761406,"Extract And Move Method"
58399543,"Rename Class"
58399543,"Rename Class"
58399543,"Rename Class"
58399543,"Extract Superclass"
58399543,"Rename Method"
58399543,"Rename Method"
58399543,"Rename Method"
58399543,"Rename Method"
58399543,"Pull Up Method"
58399543,"Pull Up Method"
58399543,"Pull Up Method"
58399543,"Pull Up Method"
58399543,"Pull Up Method"
58399543,"Pull Up Method"
58399543,"Move Method"
58399543,"Move Method"
58399543,"Move Method"
59321478,"Move Class"
59321478,"Move Class"
59321478,"Move Class"
59321478,"Move Class"
59321478,"Rename Class"
59321478,"Rename Class"
59321478,"Rename Class"
59321478,"Rename Class"
59321478,"Push Down Attribute"
59321478,"Push Down Attribute"
59321478,"Rename Method"
59321478,"Rename Method"
59321478,"Push Down Method"
59321478,"Push Down Method"
59321478,"Push Down Method"
60233294,"Move Class"
60233294,"Extract Interface"
60233294,"Extract Interface"
60233294,"Extract Superclass"
60233294,"Extract Superclass"
60233294,"Extract Superclass"
60233294,"Move Attribute"
60233294,"Pull Up Method"
60233294,"Pull Up Method"
60233294,"Pull Up Method"
60233294,"Pull Up Method"
60233294,"Pull Up Method"
60233294,"Pull Up Method"
60233294,"Pull Up Method"
60233294,"Pull Up Attribute"
60233294,"Pull Up Attribute"
60233294,"Pull Up Attribute"
60233294,"Move Method"
61577959,"Move Attribute"
61577959,"Move Attribute"
61577959,"Move Attribute"
61577959,"Rename Method"
61577959,"Move Method"
61577959,"Move Method"
61690212,"Extract Superclass"
61690212,"Extract Superclass"
61690212,"Push Down Attribute"
61690212,"Push Down Attribute"
61690212,"Rename Method"
61690212,"Rename Method"
61690212,"Push Down Method"
61690212,"Push Down Method"
95734169,"Rename Method"
